,address,sandwich_count,usd_loss,eth_loss
0,0x33da71b6849fa95425a0054139e0b892e3458bcf,3,-695.5895985559639,-0.2023333251564831
1,0x8a4306c2134e50b1d0f2669248ca87a398760116,7,2555.588774376994,0.7433704809930054
2,0xa7ce73bc37af07c5e0ce57f6547f05895f890c5f,1,0.10494022636833626,3.0525046647993e-05
3,0x8af74a55936ed855a676cb93e839bc4a1d307639,2,198.38559505672703,0.05770646541337788
4,0xac52bb1769cffafb60cb93c52ea528408d1ba80c,1,188.28383232521566,0.05476806143544075
5,0xfe202706e36f31afbaf4b4543c2a8bba4ddb2dee,147,64986.10332206679,18.903178542941728
6,0x6b2e901a16df03b6d3d821686761e20a036e65a4,49,21461.018060600458,6.2425878053081165
7,0xea087b58b5125b08137c9d1e9788510891c2e47e,1,254.25082238000573,0.073956560625278
8,0x50b215ac8e123658e0654744da18932807a0dd60,1,50.3655936224,0.01465036
9,0xce04fb29f98f426f7ba12d193f5f42cbb26fe6b3,25,15674.453228535129,4.559389974092781
10,0x4e880933aaa461a5fbd0d499f1e142d78f77c8ea,71,30706.317377677697,8.931863431014152
11,0x230fe1a020a94002cedd32d167fbd7b5a837997c,33,4427.129341413259,1.287764800401781
12,0xd81fc8cb5457cbe3bf93115588330e1debede3e0,25,12179.451854604984,3.5427628553408486
13,0xd1feca5557ebbfc22c6242984f56bf5354c5da5c,2,102.02631810038208,0.029677448077973984
14,0x8eba0e0e58e1e8b49350f19327dab04022ff6b7b,4,2246.432252165833,0.6534429328199779
15,0xec0d8841eb4a7caef5114b60e4776c89bb753389,1,437.16903884080006,0.12716387
16,0x9fb9fabf88e1148f1b8f35ebb219aa127fb5ce41,4,981.0849094055682,0.2853782925923161
17,0x54512e50d9b569d17fdb6be2ffbf5a14b5d49ea2,1,60.81350803221381,0.017689452688959873
18,0x0bc5a988accd6333af0954d4c31f88bd3825699a,5,3990.734225992226,1.160826049493934
19,0x427e27d67b3f50390c158dbc53366770415fb829,2,219.51246294248537,0.06385185550883268
20,0xa6f6427c74374dce6e97693b563c54b81c7d2b55,2,97.87148835859472,0.028468889872302002
21,0x078475fbb2d984cb19ac2df2e5182f088089fe7c,5,3925.5074166575114,1.1418528543089588
22,0x3c8dbfd191fa830cfefc2b1483fd96cf9aecf490,15,3671.9258557200014,1.0680909686663722
23,0x4ed952eddb2df5ecb924cab763cc926f10f3f070,26,-1476.0686506504771,-0.4293593217399521
24,0xc137c88c04d60ca2b8d3bc98ad67dbf9b8f9ea96,8,1349.1325591189875,0.3924361107902018
25,0xdcbbee6451240f6998c53a95de977e4b67f6ccb4,9,539.2482451774695,0.1568567022250801
26,0x46d61b626bbbdac675163cc78585e73b9e3bd97d,4,941.4257917274697,0.2738422357432195
27,0xb3f39c3108cd45e1112d8bc9ae3cd5a110a7cebd,1,251.53529407377664,0.07316666688204705
28,0x0896642c5420e3bf1b77e1ac2231486eef026dd3,5,3592.0420878436717,1.0448543526876386
29,0x11597f1f8e097a35016e2e1c1bd2b58cee5ec1cb,8,2033.7002950117133,0.5915633930059901
30,0xfcf6a3d7eb8c62a5256a020e48f153c6d5dd6909,5,688.4779263306514,0.20026467966241923
31,0xd8fde3af5dfd705a6eec8188be7903f4d59833cf,9,366.27443361047307,0.106542024530075
32,0x2719bbae468482cf4b3f651944b3df02d4669a88,1,463.86824241346335,0.1349301428843295
33,0x7ea7b019df19724d1ab0875da96046dff79c2f36,14,1887.7622716432911,0.5491128940390743
34,0x8127192c2e4703dfb47f087883cc3120fe061cb8,1,94.22169428633893,0.02740723660389632
35,0xe902c9339e0377cb22c7bb22bb878fe32b63c20c,10,3184.867758845519,0.9264153534910056
36,0x6e90ae41af1dea6f0006aa7752d9db2cf5e6a49f,190,58757.157142810815,17.0913006838046
37,0xc9f4fe9cea867f2268630ffe1106c7b870e14bb3,19,5450.525680636074,1.5854506552475023
38,0x9a40a4ff06e491897f98d5ef2bbc701d85b83eac,4,482.5868431221555,0.1403750154521896
39,0xc60b9e76673b272f6d9937585f06bb8710e3a38e,1,111.59872112467801,0.032461871734774744
40,0xfd7dc8e5e533e2416040715f5a28ed8fe63a3780,6,11652.245043773999,3.389408769394154
41,0x4c96dd7717b182e4fda17a06a158f5ffb0015da4,6,2375.854911700959,0.6910894374668276
42,0x7a646ee13eb104853c651e1d90d143acc9e72cdb,5,1552.6995211870985,0.45164973389893026
43,0x200af46fb870dcc249f142812606b5bb71fe7fd6,12,4083.1035299083046,1.1876944621937915
44,0x0908994a76cd68c8ab9313b1a3c93e50dd1628ad,1,130.809997,0.03805005381285924
45,0x7c025e3b6c51abd8af4d5f2e28cdf00132d0389b,7,1565.2244457966692,0.4552929879798563
46,0xe9e6867dbcbeebc874ea071dbae681040d2399c8,2,640.874637758418,0.18641781983990469
47,0x227beb8a6698b9e224b9f7805372c2d1c672ac81,1,0.0,0.0
48,0x31ed48b5a1aee896b6f264f8b12f76b108de4d29,2,971.654822924018,0.2826352660170392
49,0xf58641b4952d95b224e05bdcd2402beea37facc0,7,590.7036856765637,0.17182407723354307
50,0x53b2a555b1706e3d4c555c9111f5b27e6ec32f30,5,869.6039340183944,0.2529506707753689
51,0x60edc5f9156a930f4af3fe990431b66cb383d9e3,26,12240.345077172564,3.5604754954193805
52,0x1488e2ddb866863f0d04350d10615e7ee2ddfbd9,5,1988.8170314955605,0.5785077349427432
53,0x664895a45298e2e76350866bc730cf6ceab12ed8,2,-5436.691071061498,-1.5814264395845932
54,0x15e8b8548d7e243c3255cb440af90154fd4bd528,9,2129.404330550682,0.6194018135080986
55,0x1d0998850a9f7031db2fb7ae1919bc43093c7fab,3,943.0496511658424,0.27431458449661483
56,0xca255a5b3f3818d63e787d37b63f096f6ee79f87,6,681.0769109159277,0.19811186992877144
57,0x7d02a48179ba820a617b4ee4e8e8b4b4bcc9d43f,3,359.9594151876209,0.10470510994916019
58,0x47c95cfb29744ab8c2079044fa2b42973ab1b9c1,1,339.1296302369332,0.09864613543298502
59,0xe82827d3f51bc61412967f7f23e5ff01c73c7036,3,-385.1566511956121,-0.11203449002734626
60,0xd17abfbca2916818bccd92818ba66ae5f54351a9,3,129.83612310029724,0.03776677306107824
61,0x3ce1da6bbe7567ca80d6c217a92bd4ad2c58609b,1,427.184264,0.12425949549717263
62,0xc0e32e544a82d9396b0b52d90b484f831f89fd83,6,433.1336447040166,0.12599005326135498
63,0x7b09e41cdda0a94730b97963b29bdc8edcf25887,2,237.7723278372945,0.0691632908562628
64,0x48aea0eacae9f1fc94356b776a871137c76be23c,6,1835.9426729319462,0.534039592573228
65,0x68155b7599a07abe3936cb4db51feb22b5544f2b,58,14192.149292357426,4.128216930502125
66,0x01edca0711286b968478953ab2e0533c4992a9d0,2,54.66958009645823,0.015902304963715076
67,0x70b7efa9ecec7d475a7159953b16796550b436d8,20,4940.6597523179835,1.4371406907587274
68,0x4eb2405a0628c2ee212121625a8f54badd72973f,4,4779.3221668356855,1.3902107622331712
69,0xfbeb75af44d2c5944edaac495669353bc9a33c9a,1,281.98787184742673,0.08202472245579397
70,0x52302799e177ebf0149283e422a2d50f79ee578b,1,29.9962884872,0.00872533
71,0xd515e42e6ec8d35e5c4ae7a62f02000d3c18424a,1,126.95615354169634,0.03692904659370312
72,0x14a23dc613a36d90a46c40bb04920b1796c2feca,3,609.1655297410675,0.1771942643465279
73,0xb8afa3e3bc1938e45b0202d16369c0948d99d61e,1,582.1320888925088,0.16933076841636283
74,0x5201c37cdeec762e7c4824b8c87a90a304062349,1,166.70942788296796,0.048492491763132646
75,0x44e9652b232fcc578646bc0e2a34af6ef3bfdddf,20,7300.922943761706,2.1236948036446446
76,0x1a8a4dba1e3e7986e617abe15c013985aeedcb07,1,455.4989034689528,0.1324956668922791
77,0x2e806f1286f2cc57194c411392f41df4aa904a2d,9,1584.4184108068946,0.4608761346679585
78,0x2b404117b5bc3ba858b8e463aa3174ba4559815f,1,569.2244339084176,0.1655761856015456
79,0x905271bc09d526a336d1ad669ee12798ff063785,5,25.483077543153286,0.007412525755460779
80,0x45b522b0c2f7fed988f10e0eb14bd935d8872b59,3,3149.9145193788154,0.9162481440028667
81,0x7766c1a1ed704b15813a09dd17e69c64f514f74e,11,4033.1868424501768,1.1731746801625953
82,0xdcfe4c07a57ec06b7c8fa8e5298bf8b8a6b2746b,1,710.2615600516821,0.20660111001433518
83,0x742c15d71ea7444964bc39b0ed729b3729adc361,8,3719.426197504805,1.0819078832943956
84,0xff163f09406f3133af9e6b552182048a9d50b6c7,2,345.2965221890214,0.10043996293865375
85,0xb34860f27167ed8110991e04e3e7177a58c74401,2,64.28918272571273,0.01870045805671955
86,0x4ea5191a0bfc582d9dc7585197543788e1919ac3,20,2022.7068074229794,0.5883656038160529
87,0x71f21bd75577feac8d10b93e6238ae6d2cfc3b42,2,422.42577441030943,0.12287534452165005
88,0x5f3b8034b8bc5715ddbc6aba5fceb99b3e223e9c,3,100.23637662694466,0.029156789329039354
89,0xd0324b4750e4527e33b38306c7e2959e2a0490c5,1,42.69390653871343,0.01241881720461494
90,0xfead1285d23a252024b8275f4e7d7dd6a4d17b00,3,1320.47720113197,0.3841008310834623
91,0xdd6e4fde90aa94050b350c1b18513cab84ca6586,3,393.38989505257155,0.11442937863675201
92,0x3749d29dfc1f6cc40eecbedcb4ae429eb61f2368,8,4876.855854687062,1.4185813925857693
93,0xe36d2f6c2d7ea90660347dedf12194437d183f1e,4,1056.3304933608683,0.30726575214694934
94,0x16a0135ae6721b3900a93b6960e7cd4eefda967a,3,337.1178682264175,0.09806095345519789
95,0x31629df6c4f21c8ee2e36f12f9fbf0a8004bbce2,19,8717.039752838464,2.5356153145109905
96,0x75c6ddf17647ebdd606983d28937ab67ef1ddc19,4,851.3817391075434,0.24765019288493453
97,0x73a8c31d782d9892820dbc6f4ef23de6d930d80d,8,2270.5518302919154,0.6604588434284071
98,0x8424719ca110ecb8a91a31be25d809707ed0ba79,1,198.01402274821191,0.05759838234129916
99,0x2f65c9b605d1c707313eaa880ba1099bf4f53118,8,2330.0889569962337,0.6777770219080101
100,0x3ae1965e21997d1ed4fc42accf5adaddf96e6d0c,1,107.13258809201223,0.031162761528172406
101,0x2d72013019f9a1a1a5533a6f00e42d8ba0608cf9,9,560.3748078918092,0.16300200355217495
102,0xd84c2fdf2f8733a5bbea65eec0bb211947792871,1,37.062464652701046,0.010780741585618018
103,0x9856e5a15b3a59df5ee2ef7d68b0ae9e17adc496,3,933.9864472388019,0.2716782768362698
104,0x286979abb8487de224353c4d27b11d052dece543,8,3405.4785489525366,0.990586690757143
105,0xc004d1cd4f25419cc2d73a6e660ca759ca01dfb6,4,337.3478567443048,0.09812785258892351
106,0xd8cfa18450e55628c648b00043dcf88ff6d1c423,2,785.2923008556827,0.22842607592432534
107,0x3ad4094c01568ae64aed269e76411a0775d3744d,1,379.71970517337553,0.11045298942748223
108,0xabc1892e55173cb52b5d04c4d1b41b8c16f62752,40,12531.712552126291,3.645228559830094
109,0xbaa11e2c1f1a082ef8987d72f10b74af6bcf1f9a,10,4776.789446259652,1.3894740436610349
110,0x62289050ddf0f302cfde7fc215f068738d510c2c,2,209.7299629615581,0.06100631878201373
111,0xbfc9e6362f59da288f6242bd09a0611f152c46c1,7,2654.742763643183,0.7722124251399666
112,0x2e0f34335f8636e3acfd0400e8127c025e221ee9,38,16395.321479503888,4.7690763617573495
113,0x7baf5270f0c9d551dc745964f95855a71cf91f9e,2,43.46969836502967,0.012644479779463171
114,0xa2df3ad66df36274137dd5b4832a19d040982be6,1,574.175118443313,0.1670162423042704
115,0x195105097d40d346abbb80525734dbefbcb4fd43,14,4715.2381225810495,1.371569974920604
116,0x70a9677fa840d27c5c764f6f30d26ae556ea7aed,1,403.96641467953253,0.11750588005245517
117,0xfdde1b573fafe1503a6742b8daa7fd4cb5695d90,1,170.58601377953866,0.049620114310014035
118,0x95b2695a5f2a7876177b8709a6bad7c11e891204,5,873.0173061471744,0.25394355355315384
119,0xaeeae628bbba9160e66937c3a76ef0358691517c,2,279.29603530132636,0.08124172017933538
120,0x8a91c206bf3ca9684f9df475193b3654d338eb90,194,51613.78679696525,15.013434830290313
121,0xadd0c43684138790bf4ae42efda4c4dc851aa27d,3,1066.4711283482338,0.31021546329911626
122,0x05717559f79c1446344590eca181166d94b539af,1,1488.2571680505075,0.43290472158404913
123,0x3b02692ab73431e2e263421b1b6ecf89cdb6714c,4,2379.581743472471,0.6921734994858605
124,0xc0d3a8d939d8653f0fd8fe7a0646dd3884293466,5,3247.2366519255766,0.9445572370807183
125,0x240a7571ced10dbe4d521b4fb0ef8b7f7f4a92a3,4,-65.26757079361323,-0.01898505189119134
126,0xd0fc06fb42a571587f968c9a3150836230b27719,11,1120.7677162994935,0.32600927218820347
127,0xdf0da32f6bd52bb3a4b2d4940174864018bd58ca,1,260.36863319389175,0.07573611139375065
128,0xaeba9f8bff0d1ace3a1bc2555aa6fdebeedb7433,7,874.3137270991542,0.25432065689478106
129,0x86c3d2697e675bb069a8c2d549f774cf73dcb047,17,1048.338510464861,0.30494104160311736
130,0xda90ddbbdd4e0237c6889367c1556179c817680b,4,263.77716183168815,0.07672758529532733
131,0xf6776ed4f675f4fe7baa0da9c278c59c04dc8494,23,15519.845479987467,4.514417622689673
132,0xa9742854b3999c63c27e27fb5dbbbe7003ecfdcb,1,62.69494003328633,0.01823672423186836
133,0x3a6e9771005d45f7f99c6799f444b5cad364d2f8,1,559.6437818248675,0.16278936245574763
134,0x2f52428e30551437671d05b867d0d9d91f26b815,1,80.43314525153839,0.023396419045545572
135,0x7efcfb7ca09d0653f96a33f374ad112dce1eae83,15,4121.820270132237,1.19895639998727
136,0xcf043083d9340a6e2b3d66d72dc4ac24fa49ec98,10,840.6420744646895,0.24452623579476923
137,0x65bae4a554347562a24e3ab960be2ddff8ce7f46,1,421.6440228238896,0.12264794836987457
138,0xda14ffda9bb3dee1f7f1ece538bd5ba595aacc74,14,3273.907661875085,0.9523153089949168
139,0x6a974b274692bcdb095fb443813c36415109cacf,5,804.5651995538708,0.23403218286885683
140,0x6f7ab1ac6be903b96c342177ee3609d0a47bfd0b,1,21.956977164553255,0.006386852548272535
141,0x1c2fdcf5408f922ad4979d05a125e70a17da3b9d,1,80.57186972809693,0.023436771265706643
142,0xf7e1555a66df0198f3f0c14c6dc1d8feb48bfeba,18,4607.601015789964,1.3402604588316975
143,0xcda59ce695bcbd6b67cf25d3c1c3cd0c95b71073,1,34.497430621195896,0.010034623665207193
144,0x7553fa99ab1f429551eec660708c08e14e30584f,1,73.41586470693048,0.021355230233789376
145,0x81e5d87ae98a6a87de79650ae22f7332c46e51cb,18,7251.054765000096,2.109189131838624
146,0xf60fd14659b94b366c9621212f6435bd0929ca00,1,0.0,0.0
147,0xe4831bf311393be1adbaf3b8b7e6766d08021293,27,1272.7256111633756,0.37021083330328797
148,0x573d1e5dc7ddb1fba2f6abb488cc912e7f6d6b04,1,-112.841719,-0.03282343535475764
149,0x0df5f981e71360cb3867db3d0e25cabed3d3c5ae,5,508.4430161809995,0.14789606735072006
150,0x5d4ee8ca61f84c1ab3b29f2f3cceba9ac53903db,2,116.53390902193595,0.03389742077058151
151,0xfad5d8ea727623c3da373592efe8a206ff1f4280,5,4617.289527609856,1.3430786562521397
152,0xbf0889b98d187dabc28362e3ff6aa9c184c7d299,468,100060.86682084606,29.105736980442966
153,0x85ef7a01ce53279a2e1bbad726eaa07e32b2c280,1,111.46304567333688,0.03242240641604521
154,0x4ea4c5baa24a332f0617fed44f58d1890b7e1ccc,10,3279.5924426364472,0.9539688998430547
155,0xa20faf0ed0ebfc0a8ad727e5992fcc8098136f9c,3,291.4606337797694,0.08478016247986218
156,0xbcdb27e6e12b827bcf2aa594c165226fabd45c2f,5,734.0528226711293,0.2135215201030674
157,0xdab9f9385aad624daa6b729cd5658cc6f206b600,2,58.325389036432455,0.01696570783876866
158,0xd742478bae6783ae5d3900304d453869ed1cfcbb,12,7840.83451751033,2.280744455096901
159,0xf67d0b2cdff9475b0df807c4e11c82a011c524d9,1,44.652456052113656,0.012988520714202421
160,0x5dfa6d4b92d2ec605d9e84a5f34f99bcf70bd207,10,1147.3054013690548,0.33372856251863225
161,0xc4158d6ef24591c0745569dfbb119437750fbfff,90,19159.46118612321,5.5731102046992325
162,0x51f5a4ae44e90c1212c29927216296f29151f4d8,70,32591.370245101298,9.48018821268625
163,0x3028264afd16256f8de4be36c9c057f5ff89c884,9,2658.2862775447334,0.7732431635982865
164,0x25868dd4b6b0b422a68395473b285b1e6e4375d9,1,398.6150874446924,0.11594928427288424
165,0xf8e58bb6d7897441c2b39d0fdf4d72a2635d8f0a,2,286.97067359911415,0.08347412142482319
166,0xb6647cae065c321e75775b50a25fd54e9ac5c436,7,1404.9064454191514,0.4086596366960508
167,0xafa8d9f137bcd4effe8174bb0bd0025a4d92dc78,2,3164.7936995335613,0.9205762046906084
168,0xfebd9cfa94b5beadb3df25c790b2bb5f1dcee3ef,10,4291.114924818243,1.2482008833506628
169,0x894eff559c43dab5b154789c9a4e9c055f6896c8,5,794.9062776976032,0.2312225925865087
170,0x149dd8c2afc95934e78e6681098aa6b700ecdb23,6,3172.809101800462,0.9229077274685448
171,0xf0a76ca8dea3a3ebf683d648d673bf152d7b0ccf,5,1912.7365595589545,0.5563774229047758
172,0x2808370606f07a16442a77ba45b9994beec6aed2,15,2258.079671208147,0.656830937800522
173,0x34ddc334840aee84112fe80176dc4bd80c19868c,1,39.411636861084816,0.01146406954980011
174,0x499812799ada41aee16f33a479e6b46a94e5d7ac,1,412.78406947561683,0.12007076230296256
175,0x9c8a1a91a9cae69421cc787deb37463888d6fbaa,3,805.5759606194861,0.23432619337126975
176,0xf6d23e20fdf810b6c9b3409e946ee5be069e0552,1,172.81344030261712,0.05026802885027142
177,0x8336ba199b876452b3d6b4c262d6ad9b2fe73bd8,2,343.201507,0.09983056424964512
178,0x75ab8b00de5cdef5d57189827070cc150f16d6a1,1,247.62247050806138,0.07202850351036155
179,0x8ac5e1c40de1489b12ea5d8bd42388031b75f858,1,71.27885815095044,0.020733617082514148
180,0x50f620a98f0514f5ca9ff7b44125f632ee7ac84a,1,642.2015734551967,0.1868037993202699
181,0xa6172df9d82d9a76dd519f0e65283f25532506d0,24,8801.25361562359,2.5601114698832954
182,0x06074e8259506a37c307c86587d47d0063bc2e46,7,1402.2420488720222,0.40788461617527927
183,0x562cf0730ad97d3e2cadff598b17b5c11ed932b5,2,132.83164695756443,0.03863811199985003
184,0x9fba986ca84cf5a86d22443be56a6593fce05bf0,2,24.705756165690612,0.007186418264285311
185,0x6f9ca333b957bc02217ea9ecfa5ba674c09c7431,1,202.9898278022096,0.05904574610866404
186,0x0be7b271ba03874ad78d712246066c20c81693d3,9,320.82963772874234,0.09332302775252552
187,0x6849059df4a090e0ab3278e931f67ded7d24b6f1,6,1161.1162463386079,0.337745865525623
188,0x82a3e734a015d05143f0043a6c1441c3fed1fcfd,13,3795.901027447563,1.1041529063154665
189,0xa55f25656d98d5a9c3606b6b80353cc061251e06,1,52.39911212573803,0.015241870513385738
190,0xfc0fdd9c60781485fb4e46c05863158aac86caad,29,4568.823251537871,1.328980770349368
191,0x14b993eed8e8ff78195c7fda865ce6431ecaaeba,2,781.6466589618217,0.22736563044290067
192,0xfd98e865527f92df6255079689a12b81c2babf93,3,365.27625228981736,0.10625167322790395
193,0x4f4485d450df90f0b9f0169a30fd7687436cb1ca,1,72.40532343643473,0.02106128366545119
194,0xb03f74bcac5613ef78b9593e90f6d507eb03fa9c,3,887.792191879716,0.25824127704596955
195,0x8db32d9959fc6fc59073881ff78c8d86fbaa7777,1,708.9205615649231,0.20621103994511758
196,0x8b841d96922b39622dafe4bb4ff14e40abcd3bed,10,1665.059810856857,0.48433313093595304
197,0x77517d36ea8d2c4f94464be2bca89a5c302183b3,20,5835.6724596532595,1.6974822736524269
198,0xbfd564bc36afea3249953bc5a51039aa1d671211,2,49.6000299303286,0.014427672588115968
199,0xf3adcc432afdc2bc69ba8c70c9c61b4874061fea,7,1010.0968372746987,0.2938172914605388
200,0xb3abc96cb9a61576c03c955d75b703a890a14aa0,15,8699.670839540662,2.5305630394493814
201,0x83f2ab85fda4f7af46ab4b2e5a9a64098d70a58e,7,1069.1296414766932,0.3109887724491812
202,0x1c6f144b64fd60aa41f675718548cfdba4be572b,1,25.403749151045137,0.007389450687363326
203,0xb9e7ab376e022ede78d6a7d6637c3c4ec09e2383,2,162.46549174590936,0.04725801426067221
204,0x9ce84efa875345f69fbbe06e58024a9b98f7c4af,1,396.8005803428585,0.1154214798660957
205,0x05bde9c01085ed260b52eb30c1c8a6954f735aca,2,748.6885889589469,0.2177787764872556
206,0x4c1233f63b099b9d751426fe9cc6f12cdd67f34c,3,68.50476292945764,0.0199266873762181
207,0xb512794fc1934a92dbc310f95309e2349694992f,1,162.24978531495069,0.047195269504965526
208,0x88e399d855118cc0b2b8f0da50a8306e5318eba8,1,69.10906758227944,0.02010246770712989
209,0xe74894eb61de13f42230290cc45a723d33ed3280,1,45.17791727589085,0.01314136704322797
210,0xce325a6fe7b6cb6a5cedc0d83564c03713518d9b,70,15828.63111004116,4.604237285633176
211,0xfc2d412572876713124bfb3dccd97bb3afc47c99,1,1037.7409006765542,0.3018584054745288
212,0x7a048b7d035ed62ac4cdcc4295cb5e189b833fa2,2,33.60197976302395,0.009774154632857825
213,0x00a61c704c85644c6db13592fafef77f05878610,1,183.35518957360523,0.0533344162536957
214,0x2711159716bfb3768de77f2259de197fc52e916e,8,756.3985730598466,0.22002145913127039
215,0x75c57bfca286b56f06ca9a74a5b1eb71c7d2d11c,2,208.6614301555758,0.060695503617264265
216,0x37261b11064907f4fb6ceaf4036c4bcee0132772,1,111.33321618659932,0.03238464157337145
217,0xffd4982a2240304cfdaa418b6a117f7a65e5a2da,9,2811.913376193461,0.8179302632447876
218,0xaf6b025ae5f37ae53a980b7c6bb203c1f2295f41,1,0.06278239068408682,1.8262161905175e-05
219,0x6c99d42c2b15a24dfdcf939b85b6b2393ec58b09,13,2420.861927275471,0.7041810925684356
220,0x3ec52292aef4039bcbf00cc10d0dcc4c05676141,27,7607.946444173752,2.21300189775375
221,0xb279f56b1f71f85d59dc1499e697e4f005298c14,13,1753.8793414887057,0.5101689844462528
222,0x2953e7065b0b61c87268f6a1f255a4023c956deb,3,316.0246432154596,0.09192534940993752
223,0x384d6a80c87d2f185faf095a137888e5e6156e80,1,91.79080282506557,0.02670013811726711
224,0x54f94de7c9be93d0799d7265a6f33a7d41f06cf4,4,372.9267189386564,0.10847704341640575
225,0xe565afb7cb462f22019453aba1d232d33ff7c106,5,1686.526400650306,0.49057733944869625
226,0x26bbb91becf72e7212969fa65e23d767630ec1b4,1,2986.020336454829,0.868574551594847
227,0x1c580cc549d03171b13b55074dc1658f60641c73,1,-11215.625434054406,-3.262404717512858
228,0xcfc65ebdcd6b90b9036913971f963e8d9d83f37b,3,88.8226265874187,0.02583675406284722
229,0x6a12795beb0c4dfe39b5cb1ceec8ce1784a9f073,1,432.7674633768398,0.12588353831965415
230,0x27f811395fa12b01f838cbb7b5359da3ccf518ae,1,292.92469470574724,0.08520602899080447
231,0xa70c19438b7df621113b268ff5029fdd68c78917,58,17429.559009306355,5.06991570559024
232,0xf29363d3fd6ede4894af887562d0291eba34bc73,1,40.236014,0.01170386463593419
233,0x5cef1bd490cee24789faaff3650683e915875ff8,1,34.14880135631201,0.00993321427300631
234,0x3b722bfb1c27b1edc6c9c2e057c590a9ee57b2b0,29,24427.711767843262,7.105540620809363
235,0x06be7fad512b49cc2536548a0e566e0d00c21b23,13,1480.1540673574104,0.43054768905981966
236,0x500dc8ca4e625d9037a8f4a9868ec8707225c4ed,2,517.9356831859905,0.15065729736869385
237,0x97abbe04196732fa2b3340e3098f627b986c7086,1,277.3399060814637,0.08067272068550708
238,0x7e21d40ba5ed1a483cb02a8ef4066c81a1cd6937,1,262.06737214481893,0.07623024112373436
239,0xd20f620b7877a5b6695bc2e871a53076f092ad72,1,497.9107274405961,0.14483243182946154
240,0x439990126634f89d83acd63c36d4f7999d48b6d0,1,249.46774750907707,0.07256525827527664
241,0xdf7d4b58e5f133150f7a871e8344dbf4f7fe0b4d,30,9288.289741685363,2.7017806941816263
242,0x97f7beb12bfb27eeb01f6159c4e05439dc9f1b75,2,196.76068796913552,0.057233811919442296
243,0xe3ef46435d9f386084aba4a8d7edfb88a86bbfb6,1,156.50801641642587,0.04552510192924216
244,0x7f67e80272d6349a70acd0a6d0dc169292431020,4,2117.1113350743262,0.6158260230477062
245,0x7df6728ab204914300deac790daaeb9670286277,3,268.3529779673124,0.0780586001580389
246,0xe29edf295746d9bff056626ed739d9c2667732c4,1,42.28980607222117,0.012301272331528276
247,0xfe052972a1fdf6c2989ba49a9d99898f39c1704d,1,31.847547573806825,0.009263824835887308
248,0x3d78eeefa777ed8ef388452978ac2821913ee8fc,8,923.0080007530044,0.2684848628071709
249,0x3624c808b025fa95402b13860de4d43b39999bbd,20,9395.95261927544,2.7330977064887954
250,0x50bbd414b7417f0301e101cb9594dbaf199f2d16,1,62.44707479989594,0.018164625113413053
251,0xa8afab64fa16e82ab4ebfe0a2054560780b2a03e,1,50.00313435196095,0.014544927731354847
252,0x7d1a207fd173dc4a1740842cc1cc7e05085a413a,3,278.52182772914557,0.08101651843283734
253,0x90b7ae5719e737c7dfc021a28bdab5aa26548a38,2,321.2700848050672,0.09345114513911851
254,0x3b134e3a3bea9e6505487e1989b63bfa9eb7bdcc,3,113.90169678079269,0.03313176203104062
255,0xedc8d1681766c4ba8ce2ebb52072be3b4fb6cf6a,1,34.259767216846015,0.009965492058049827
256,0x58932a8cab4b40f6b5b519368eb45c673200973b,1,378.9776577059377,0.11023714242254953
257,0xd5f5fc33094ae3209f8a68c822b41d2fe79fce12,1,176.94786620962805,0.051470651981950305
258,0x56c1cda87a6142e2e2f3f68b8595b7419d14584f,3,562.5113014496624,0.1636234674823908
259,0x540c244cd329891e4fdb775f0a5ad432ab580011,5,492.0785325715004,0.14313596111846402
260,0x563e051beac60543978fdda1267e5c1746030657,1,658.6175573657227,0.1915788859765791
261,0x59e4662dd6656ff54b6a90d58971dc0a554fe9ba,1,-559.056522125783,-0.16261854016643676
262,0x3ac3c4c1b2cfb88893dbc7d18907ecf84193e567,7,1613.0757887075986,0.46921200192783796
263,0x3e14b3d962aa9b0081237d1fa37dcb0289ea8c66,10,4192.551239940304,1.219530647133172
264,0xa550a09d23f6edf3b671eb6008f071eff77a8a3b,4,393.38330886563284,0.11442746284458637
265,0xfb7c128acb6c8ac3581013cee8e91f0c8d7c677a,4,1061.408456160265,0.30874283159200683
266,0xc48a7f78bb880cbb0792289e701f13c4d1db37dc,12,594.7410578118514,0.17299846933302637
267,0x2b5966ae09ee5a210f284e13e5d1ebf7feef7ff8,1,24.481826310171304,0.007121281476209277
268,0xd504b8251baaa93db421c558d4603fcf41f0681f,9,1056.0416093723597,0.307181721479871
269,0x4b38dd095152ed082ad35348196e871928302064,1,204.2625639264,0.05941596
270,0x21747a796f85499933f3ef53963a3507dd2e9192,2,131.6258430986264,0.03828736738726247
271,0x49989cce3869a5e78f12f12230527ab4c2a5805f,1,515.9842917702262,0.1500896760088387
272,0xb60fb5fb0e14a23e077b0c0fded8d7ed44aa4c7b,4,472.2171556295612,0.13735867743395888
273,0x9ee71638d28dc6ca5aeb0311fbf22ae0b4ca2893,10,1934.8900798498858,0.5628214459805825
274,0xdf6595c96874dd6a70fe0f37b2cd9af7156f4b56,1,136.38307446717508,0.03967115237101641
275,0x193b249b951b1fe47f97ee4634227c70e7b76a39,8,2495.503060606164,0.7258927293318375
276,0x34aeb158028a2e8f2cd8db5fd7fa88a47acdca40,40,25074.580345502276,7.293701959806819
277,0xe33307b8869a4ec6759dcacb314827194ba3610b,1,87.5122799103401,0.025455600001844207
278,0x37c14240884086a671ac959e66c9fdc84d63331e,1,147.04247531841605,0.0427717623037768
279,0x10f6b90802e79d3789f89c1408f69ea94e7fcc34,1,137.845757,0.04009661793451702
280,0x280a8675cf1d930c638f4f9eb9dbe75823801d5a,12,4502.304978299974,1.309631913730707
281,0x502bb5979a85d2721d5025569164516f45c6c01d,8,1504.744194307456,0.4377004730608335
282,0x8cb2b5712a842b24fbae6e66130606cd70ed8f27,1,337.61219553960336,0.09820474354234152
283,0x69a263804bc8ea966095ea21aea58b9ea6bf52a7,1,50.285139780338774,0.014626957560659824
284,0xbd32ea03b2e69f965d923eb9c6154c4c2fdb41bd,55,12854.694312864036,3.7391775978125903
285,0x02654d401cea4c544418aca90a631079756904ed,7,3428.012168285335,0.9971412771639561
286,0x44c72539f0cb7a2f3922a9be3a0f68af56fd8825,13,2106.6525056976966,0.6127837554097039
287,0x601b94d4aff7401013f25c505e6a5a83401a61da,7,1842.9600768917344,0.5360808172840313
288,0xe6710306f5bef95bdb853549ca7cb5e8fcee3318,6,1532.853203859898,0.4458768307599824
289,0xdcf646e6a54dbd980ad57220c78e8b22a6732414,4,859.0131797675451,0.2498700287877112
290,0xb3a5d43e314db59b2792ad1c24020f6491769237,5,3581.265362292701,1.0417196153086534
291,0x0b8f4280a44440482543fa060dd5b9516c27b6a5,1,33.3406423127566,0.009698136711643532
292,0x3c9bd59ea4c1712dff88704bbc82bb11a01af0f5,6,381.40689759274994,0.11094376049867065
293,0x00548c6503d6093e3bbe6142d49d1110bc94fe73,7,2635.5353712751785,0.7666253726977341
294,0xb1f9a358003ae5145805e936db3af3c22368e324,1,-1814.6187508234675,-0.5278368832823713
295,0x7670c354d3eb48e85819d18fb46bee711f537870,177,85329.70000931292,24.82073046136903
296,0xd18c96b6cd70987189b95e02b27d98e681bba100,7,1169.0280252376394,0.3400472463051333
297,0x69cdf4f97e317505aa109b789451430f53182085,3,77.59867957176846,0.022571928761015186
298,0xd3c5f881eb6941821855ae2ec0237c99423f0f95,10,2258.1305117515403,0.6568457263140636
299,0x2fe9811e6b3cceb5c14cca6523f10ffdf4288af6,1,353.55251244811416,0.10284146802879544
300,0x63ae8391f1975d22a09a081d4407bdc0caea040a,25,6156.366160100691,1.7907657599250373
301,0xec503c9fac9ccc823ab7f7cebe8953d7ee4cc5ac,2,112.06072118136436,0.03259625845919657
302,0x7b72b1ac5c9c098fa3ff119b171482c63d984be9,1,96.870214,0.028177638866264863
303,0x1aeb3c78fcb73844fb5d7ac5b298f3c1bee2f7c7,1,227.13334,0.06606861866753543
304,0xaed8f743548a544dc501caf597f61864e13bd68b,3,1522.7892769999999,0.44294943249249524
305,0x4983876af68e19aae8a99dfaba16b15453244022,2,125.04500343012144,0.03637313063729593
306,0x8def01a5a3aedd8cd6aca51b857ffcd143813c80,4,192.8728696806041,0.056102922090790756
307,0x51b2adf97650a8d732380f2d04f5922d740122e3,1,57.6657774725422,0.016773839815855944
308,0xef9ac51b15a6cb281de4cec60c75856f6a9cd07e,1,154.64510904938237,0.04498321883781164
309,0x4a2c7a1598facb3adeb666f13dd6b1e049f99d7e,2,543.648596936358,0.1581366779537029
310,0x2fd9abb389214cd5fe9493355641229428cc5fec,4,1696.4743119656314,0.4934709910774298
311,0xf79936f3286381aa39a1ae3831aaed98fc206136,3,632.3275166704648,0.18393163052104367
312,0x1555177f50f32245d8d6ee4650357736eccf9856,1,108.37569331719854,0.031524356374118205
313,0xc3899b00f71fc03cfe7a89b155c7ca2d9688e87e,1,104.54259967124305,0.03040938486702204
314,0xb7258a73fc84951ac0a0e13b80f2b5fe8ea9c45b,1,43.83096924653381,0.012749566369154414
315,0x451d690dc8d6f976a98d98ceb6a2401ef1aa57fe,1,29.125308707598336,0.008471979122820822
316,0xa828b438b054944bd0d6bbf475844ae65ed01670,1,164.81277105210592,0.047940791616859976
317,0xaba2b955b093110501794763d7b3891be1f892f6,1,98.5114388213722,0.02865503886782753
318,0xde9a5961c002262789176f051d8a05f69fd8387a,10,7657.611691169236,2.2274485407026607
319,0xd6b9d58e0f6dadddbecb05c6450243f1a4320fcb,1,1850.9956393897362,0.5384182042764457
320,0x4dfcb1482878ededccd6cc19f9d043cdd56ffd06,4,846.30382992605,0.24617312903626984
321,0x426c3ebc0d2d02e0eb8f136b7714971a23bd80a6,1,124.95171080743708,0.036345993649337105
322,0x9ce2901eaa08eab8cbaeb3d03ddfb02015fb3d64,5,712.071497,0.20712758505340562
323,0xa5747c711b7c08983e992dd7aeec2eebc6b713df,1,198.4560730311284,0.05772696606913887
324,0x9cbbda094cc0fa9217b783ace7f0c103a8265cc4,34,19603.50758184746,5.702274562471628
325,0x0090bc965ef01847738db9011f2fd37d5f7dbb4b,1,87.14231572702202,0.025347984701737724
326,0xc8a68d9d53a5e6836f9f2ebb4b6a6313417e1bbd,1,227.24810465442945,0.06610200144696363
327,0xe09f5d5862d57b87d8498e49ad041fb454119224,1,1286.872853166134,0.3743259875870122
328,0x471a7853ba0b93b2b4103bfba334c1d1ec9dd6b7,1,67.4194277572727,0.019610984733807478
329,0xba53c072ec56a4abfaccd6d36d81d7ecd4f3485d,26,9092.659363145356,2.6448756670308553
330,0x583ae442a93b098bbc0556a5e4d892c66aea6b47,8,2030.3447909244267,0.5905873429026443
331,0x51215fa19b263d7d29ef6de30fac121dde64910e,1,15.632044389391135,0.004547054077383221
332,0x7374e3e9c57b7063df9216fe46b179747e9ae2c6,1,235.72005350628172,0.06856632464171739
333,0x6c7d893f48a238983a95a1915d97d7feb6a129a8,5,582.6816152831706,0.16949061482883745
334,0x7260f7927a25949c15b7c4cbcf936510bf34c81b,29,9913.642582585308,2.8836835287812423
335,0x8b8d7ee7c3382eaf752f0fbe1c226f3bdd06610a,2,292.84952407785767,0.08518416333449423
336,0xc28776ce1711914449e05e122b74fea392d90ef3,9,2045.2895869265215,0.594934489949073
337,0xf54ea62178dd9cbb2fe663faa92e1378e9e54446,3,-2180.154096683029,-0.6341639217308045
338,0x8cb1a2be93cb92d2bf2addae357af7ac90c0992b,74,42946.55780362008,12.49230848545019
339,0x9b1a1d93cbc4c3a5584b7e58656e6dac00b4fcee,39,7549.4451023620695,2.1959850087153763
340,0xd435d8a86ae726623fa723037cab6e290b924077,7,1657.8321719271241,0.48223075300977475
341,0xdb2baa0d2b5f0a2996782a29ca245312cfee8c52,1,13.562182,0.003944971842785004
342,0x1643bf9e04d0e8c079b019fccd2783869bad44f0,10,2505.70432155955,0.7288600753844128
343,0x11dcb306e31798206b9ea2381725a3990dffe0c6,5,2409.3381910093017,0.7008290644734197
344,0xf10d1406aead0101649a0b95d1891b92d05c75bb,4,3250.7090549862596,0.9455672907948769
345,0x8036cd88376fac53d5583e4e2e1129b2bd4130e8,5,747.4334624359113,0.2174136848823422
346,0x39b8daa2654646e20f9f39b2e90049cbca6b0a3b,2,2487.3289698769336,0.7235150472031664
347,0xe486f25f7df9a394f6e158e3449735f3c4d38b69,2,544.4115664411834,0.15835861076757013
348,0xfcf7a910254ad3f606994038c9d3ed4fd8a126b0,6,2421.0726724553715,0.7042423941938459
349,0xb2c9b3b340b1234d3cce9ecd5f564366591a9547,16,932.0063066167477,0.2711022928980836
350,0xae39c99270a91fa2cd76f76abc176a873706062f,2,113.74275722044894,0.033085529640835214
351,0x4aaa08e9e39a120f2add637b22f061550c8dad6c,2,2238.5352398071836,0.6511458473364623
352,0x5fa9acab7e377052b243407b46016ece217adb39,4,1340.5658454478155,0.3899442223744605
353,0x51aa5c6b3f1efe3ee7e398756468d51de5418e7a,6,319.31175896531727,0.09288150669179404
354,0xc7b7feed2d5b29ef6d9bc7c93784cdc8ebc5e79a,9,5781.053298022987,1.6815946344283
355,0xffaf9810ce1fe5171e36880618312b43947546b4,1,19.843147557670527,0.005771981115372014
356,0x677cccde51d33dd66150a31ff88ad14ad7ff4fa9,45,5731.735746934304,1.6672491293760918
357,0x620d9a958bb7d1043df5f167865bd91ef8a28269,1,22.547963182560977,0.006558758750424969
358,0x08e23831def6b4cb45e5a58ee5edaa6533f6729b,1,24.38816331431911,0.007094036753984801
359,0x0dcc4177d01c66803dc1e6a21aad245a27920ee7,6,909.6417012175932,0.26459686931840726
360,0xbbee7fa284844e95da03a9916b9a6d9f106ff69d,4,521.9922607737711,0.1518372759563479
361,0xa4a4cd78606bb7e377c6df28a50fb2e88aa4d0db,5,1138.1672816848888,0.33107046333886647
362,0x5a2a86079c9258ffbfa5317f3cead73bbaba74fa,2,-506.22203711506205,-0.14725002824886033
363,0xec57783f7c8d9ddef7cbcda8d029203980bb031e,12,12199.937587368671,3.548721751846703
364,0x7dba4076c6ca7f4d197f193b406e981e2327ae8d,1,-1389.29106218075,-0.4041174290196024
365,0x6d22859219944c76325ad6481a7650cd1d3fc864,1,83.15081978554366,0.02418693708419928
366,0xdf58557f78ba1457f3a0069d792135818c11d121,6,1609.6549745346701,0.46821695440586825
367,0x1e666c778cc5675d6d69781609c5b4839dea39cc,3,-46936.324186866426,-13.652853008536297
368,0xf2ca5fcf75d85d8ef422b1a7d8e8bc014dbbb838,5,633.6788351330183,0.18432470246812482
369,0x574a35600fb02e0d26049b529a21794e5add93fe,5,1549.9045682577578,0.4508367370958967
370,0xbfb18169033d47e2787f485ea4a0d8ab67ae30a4,2,256.4788087720478,0.07460463802039878
371,0xc770128088e624ffc8ebf4687b7735adbdb6ac28,1,233.233482901495,0.0678430301879945
372,0x0f818b9a4faafc1491a16f1d2fa9d1e6fa551980,50,16042.111629711117,4.666334567551461
373,0x0e6b1386e537e784b65128c61ba648eef57c3baf,1,227.93802911198395,0.06630268689409162
374,0x5a5c38b275f54ff88094c3dd95d2621c0631761e,1,252.2110183722283,0.0733632217823483
375,0x26bdde6506bd32bd7b5cc5c73cd252807ff18568,5,6744.688753289829,1.9618972242134098
376,0x0752adfe7c42d89bf2fb3c22ffa18b7d0871c807,2,182.3233269610641,0.05303426772655624
377,0x0a0b91d2b99cd0f89719b3c491d2005744ab9e55,1,101.78201310280102,0.029606384562050884
378,0x68ab2f3a744ad1997fbd3cfcc0b83bc8497d7320,5,393.5023086128429,0.11446207752915868
379,0x3f4b63fda53c889ef37181bc1d4856c891e0bff0,1,119.48884776418186,0.03475695429810051
380,0x3ee4636fb0e4933cbb6be5057c22603f6bb50214,1,208.16004720888844,0.0605496611851885
381,0x5fa12e68b637ea48e789ad9057b3395a1490b335,10,2613.7872586947638,0.7602992747465744
382,0xfa5831a0cdd07529e0b4ba830fc15598644d8b2b,1,28.593912526422482,0.008317406431486771
383,0x9fb3067dbca20595a2d4d9703f8b855924069346,3,615.9296685292286,0.17916181920311258
384,0xe5c8cf3820544fc4b702d337714905d8d4a1760d,1,44.635267,0.012983520757219648
385,0xee459c9e50f5e2cb58d4d76f0b68f75c66a86650,65,11417.201320457414,3.3210391758945774
386,0xf4326b99c967f898db725b53f2aa498d482628db,3,1049.5461559608252,0.30529232191167277
387,0xe6e35dbb3832cdf89a7041b24ea8d0b8c1bc7018,36,14352.66033435898,4.174906433795342
388,0x49f40c1c55c924011e3eb9524ed4c078b24879b5,5,1510.884479564831,0.4394865612026246
389,0x4f83ee7c6d243fedd657093ff8d76cf2d3fa2cad,5,1075.586004961478,0.31286680152696983
390,0x208bd5dc470eba21571ddb439801a614ed346376,7,2303.8629722256173,0.6701483990603452
391,0xa52bd56ed25e6a2e521807ff581c8cab61996938,1,65.9335082784,0.01917876
392,0x2b1c484ad169f9f4698d9f6b4615048c2afcd3a5,1,313.57415956734627,0.09121255194172685
393,0xce83d37c91380fc33cbf150144f201bd85c688e3,32,7417.333465927712,2.1575563336070647
394,0x479c4a69b481449c4b92694eb32758cfc920735a,1,191.213262,0.0556201748772485
395,0xa98862a73b69946f8dad60bf6db9aabe86480377,2,4373.610089227549,1.2721971031890806
396,0x71f8e44e0c961e711828a7d2ccbd4a9147dbfd40,1,101.74027486639515,0.02959424373048052
397,0x1b4c50fd959dd39e60b039414ddca777b369d589,1,14.64495904275761,0.004259930375688691
398,0x06ee52eb21d13886cd8e2c768f8e215926f7b469,10,2770.961775790278,0.8060182486067641
399,0x9bc439da20dbc718e3ef2c67a9ae5992565cb0ba,4,663.0707317862071,0.19287422677792077
400,0xb7f445490191d1545106a598812e1726dc34a0eb,4,2462.333474419102,0.7162443494808083
401,0xe8b29ffbbdfd6383a152a0af78153419659e385f,4,521.8324907536353,0.15179080200173226
402,0xb9899fb88f8c963dab6d2b416bc41e668f99b021,4,226.51942945818396,0.06589004417255717
403,0xf96499dd6074d44401eb87e37b6e58c5c78ba007,3,105.71744011097083,0.030751122830315204
404,0xf050c8f48977456a46479f583466be6eda976303,1,71.16215698765271,0.020699671010766266
405,0xbd18c0b86e419c3f2bf9a4df52aac12eeeef37e0,1,329.6594803355408,0.09589145519731598
406,0xcfc387b2d9bb52200d942752f44a41d658ee82de,118,7149.121152534857,2.079538650005485
407,0x33a3f35daf0f25b15a2232f435d7e6feb6984eab,20,4246.674232830381,1.235273960635277
408,0xe02f0f6b322c6ebe5cc332523289a5a04be4afea,2,1320.6844444947906,0.38416111409919906
409,0xddf767f258adf0af89896621349cadcf8722f771,262,164031.37688179454,47.71349943039657
410,0x461e76a4fe9f27605d4097a646837c32f1ccc31c,113,223801.6787553923,65.09950397790249
411,0x9e75d5cf5d6a1970e47bc3d37f3c21a878c321e9,1,16.002186132414007,0.004654721026113491
412,0xfd264b4d58933c7d6d32c9d263cc0be12a671ab3,22,3884.7735884660015,1.1300041853215976
413,0x62fdb04c955e238cf0e995b134f34db91d6e7996,1,155.3910504591349,0.04520019851393168
414,0x019d6ad53704fc851f1cc9effc12e89de4a1fc2c,4,376.3074036591554,0.10946041807040333
415,0x602c1586a4157d2e41e26b4f0deb1f85588cd5de,1,365.47666883649487,0.1063099704571751
416,0x2dac2acce944343eb7edad8613f7b4bb21add21c,1,48.65938305766278,0.01415405692459881
417,0x4bb7fafc281eb8e42d80c884de46f154c9c622ce,1,110.970019325931,0.032278994754244235
418,0x05d556687dd5c1252cb65e2756beaecf8976217c,2,117.5345515745682,0.034188487996697985
419,0xcfd090de8cc555a48b5e742325d88c5937b9074c,51,24693.866413329146,7.182959769311296
420,0xe64ca32c2256426ca7cc8f278897a2c5e4782cc0,1,234.078051,0.06808869842691923
421,0x50ee57126d1d78e50b67aee6f1a691eea1a3fd30,17,5324.02908142399,1.5486552839643466
422,0xe02ca87f5f2847c0e2bb7f3d68e9b004f81aad09,6,1000.6367890977637,0.29106554961771447
423,0xb3dbad57e51d451894806d3b7b53c3baa4e5feb2,16,13288.858429870812,3.86546739518733
424,0x29664e652ca8f8f2d95de3b33cc0ae7247fc0aa9,1,1554.167164990223,0.4520766425983242
425,0x1c879a3dd70ebad4f55267b5cb457e8be92adbfa,1,150.73200844619785,0.043844974881378375
426,0xb335bee51cb875c4b5275211c64eed7267e54da1,3,779.1598707271116,0.226642272684916
427,0xdb4ce5fb0bf4be2246cfb5577843fcbb9242ef5a,1,183.27708790308787,0.05331169801476737
428,0xddf40486450a17e586b34e30b3c3c5314bf55c18,4,2287.9395328917285,0.6655165839282016
429,0xaf2b310d4a5454477c579751b6a7cad816ebb0be,1,172.189906,0.050086654992669816
430,0xd2615eb0e51ad50cdec152770da38e71ca6195a5,7,3224.2871210252692,0.9378816701839728
431,0xa6b274cfd3910764bc3729ad8e1d03d285b18938,1,89.5409590627777,0.026045702843290466
432,0x11793ec4d767b7f0b1446abfc3fe5285db07be80,2,321.3769245504164,0.09348222271845588
433,0x4d6c8b5442675d94619e72fc321ff0413cdb28c8,1,19.218109424779417,0.0055901698231387775
434,0xfb3ffa3731f21b5c05be22272dd304e2c6f8e730,1,54.21745643845321,0.0157707910893041
435,0x92e6f03e3a77077fa147088c3f4a4aa3961f3c3a,9,6505.876355611044,1.8924313975086229
436,0x31abe166b7dc59a8f257f29595c332ace33ae4a8,26,20892.137680767395,6.077111698266177
437,0xac878c0f60dac4cd72a4956da2a3c8a46cda1362,2,962.7960242512938,0.28005841582252045
438,0x0e42d32dcc5b83a9bc74523af3b8c3a3b4cf107f,1,26.82570037915141,0.007803068315905164
439,0x1a7ebd7351866a43cbf0c8c44016216ce882ec4d,1,153.61190850445087,0.04468268113247006
440,0x0b7a017f9eb5798589121f15c7aa38cb66df2948,3,509.9166474325365,0.14832471768102543
441,0xabdf37688c157eb38eb0918c6880e2bca8e3e96d,11,1222.048211972296,0.35546977519962997
442,0x358462f384fdf46bb4632a8814d68278439624d6,38,16947.61022670276,4.929726289385997
443,0xd567f934c9b1de16e0d10f98a9e3639f6a54fef1,1,92.36577092852814,0.026867385023307697
444,0x79d992cedac68a236b1c08db02db9c68eef75ada,2,208.09577837953253,0.0605309666475265
445,0x9b0820b18d66fdbd4a715e67bc8c698a9357a692,2,365.2133667409744,0.1062333810593205
446,0x5db2591ce64c8e3a1a0a5479748a57acbd1b2377,4,602.0870309538172,0.17513526835274976
447,0x2c789dfca92e30c033638628547e9fdd97526b1b,1,51.599400020000004,0.01500925
448,0xa10e28d74fcbb2213b845dc483ab32f0d391169f,2,450.5461937659936,0.13105502110801945
449,0x759c1bf6d7de7fd9ad3a683777266aaebd23a2fb,1,20.868236229606648,0.006070159236499269
450,0x25bfb4440eabe6316568c1037ca15de16a3b55d0,10,3253.8945715080044,0.9464938948607278
451,0x0901a644c08d96ec1cc7ac5bf0b3d829a4b809db,2,154.35352699783732,0.04489840335729333
452,0x034d14fc35a285cf72552ccd8c072a20ad2c6147,23,10509.75383817166,3.0570805616816545
453,0x45e294132f31fe2060e2a1266a89a4596e9a19d9,2,312.4916282300676,0.09089766487971156
454,0xa2be6771ce672cb7f7d0f6bf1baad328c013aa20,1,209.583561,0.06096373333255765
455,0x76bf5d4a2f217ea22aaf2adb5ffed987183c2dc4,6,2059.783725487313,0.5991505496146746
456,0x8f1e36a2f9313395e4f46e2b9073dcd9c382a5aa,1,508.8650901062479,0.14801884034924484
457,0xc5b70a36a120fc21aa1b7ea1edf6f7262289bf62,9,4178.042382736663,1.2153103061040254
458,0x335c0552eb130f3dfbe6efcb4d2895aed1e9938b,71,27845.60217255919,8.099737676145251
459,0xb73eca98954905c66fa5902efd760c197489c268,2,370.63339455552335,0.10780996048551512
460,0x90081db402e7386c58c1f184f73fb924e113f122,23,8488.441821496872,2.469120675045049
461,0x36af13e2188bcf041250231df380b828bf43aed2,15,3955.9428576052374,1.1507059251172937
462,0xd490492a480bbd3247a75bb5a033e082a762f020,4,649.786742025523,0.1890101755827854
463,0xab51abcefa197b372b36eabcac74d1ac2be43322,1,37.85634571388407,0.011011665962896489
464,0x27828810a440e9de4e0e2a02ba02fa32090a53ca,1,142.9761569375813,0.04158895031112015
465,0x43463656878d0ba0a4fa983740bbdf31671bc8d8,3,166.11050108917607,0.048318275745577476
466,0x8aa760b5e3b98809c69e6e3f9b7c2f41635d1d69,3,415.5850648962888,0.12088551674780933
467,0xf1f12a06ca57bfb6f8d2b075577a6d138f1d70e8,3,606.6382130809587,0.176459117667186
468,0x0c7dbdce6ad353ee3d63533bab59ff8fa02dadab,1,47.173666787076336,0.013721891300082707
469,0xf078d1db024e4875e924cfd03723951b6c637149,7,31200.86024847548,9.075716219624962
470,0xa2a9e7971693f4ba7971fcb0024a2cd08bec4a9f,1,112.97789447113574,0.03286304611940513
471,0x29e0270b781cb62469cdc2bc545999c623b775d0,1,20.616103929627222,0.005996818912348225
472,0xe51b24fa0dfcd87285f369e169c2eb903071d5a4,1,34.45433836507442,0.010022088975948392
473,0xca964517bdb5dae434dfae5335c94bf12537a3d4,1,28.60415480856762,0.008320385709796738
474,0x12ee827ae3b9390560eec8d6ac1685d8df99faf4,5,1998.6281625448128,0.5813615998838843
475,0x517f7ffb648192eafde76dd598e8960562020b82,3,702.4302178988182,0.20432312670130612
476,0x1c5e605d1e4de4a8094d074f43402cf15871c382,4,2914.7183137748843,0.8478341964067218
477,0xd3ace9ddf3a62f9b8f690c0b1d52c1bc2ae79695,1,271.51633773516875,0.07897875926022407
478,0x2fdd99701e52c1cc017e2da873ac535d51a09a77,2,436.2499408151469,0.12689652247200187
479,0x55ba045038d7f0e7c8c96b08e90d6ac41e16e98e,1,68.11843275306892,0.01981431153080682
480,0xe53ea28389143dbc561d17c8272a6c137116bd03,6,2633.083901344042,0.7659122883392019
481,0x43f80ebdd759aa381c85751a5c6d688e4d4b150c,5,1167.7031259035316,0.33966185916259384
482,0x74516637f8f2ba9d3c3090571f85ee4e9fe5d044,8,2022.4932633636336,0.5883034880516933
483,0x85dc9c963eeceaa443fb3ff1ca9fb68535a5311c,16,4150.089628788401,1.2071794000850535
484,0xc570779c31911e3293a0bbb7de2a9e7f06be6b6c,9,2198.2958890507916,0.6394410121037604
485,0xf6352b344c7cf369924975bda04ea6aa8259e3de,44,40685.031333936524,11.834474941805471
486,0xd05be3272725cf8454e273afa9637002e2c828d5,14,3111.4621743812695,0.905063113577499
487,0x83dfa73e0dadc5f2024802092fdbfca071bc6b3e,1,418.92569855737054,0.1218572413368192
488,0x3391b9df7de82946e87f1a0baa92bd962011245d,10,510.624555926838,0.1485306343305209
489,0x2650d7bedfd8e7b72245e8abbfcfae50dea082f4,1,57.40543721399665,0.016698111958088988
490,0x0eb8745407a211a718d6921691ceb99fb5ac9f48,3,530.1385434846197,0.15420686927972788
491,0xce7deb8fc70838f019a33797e1d2a5de8b7ae2cc,1,-345.38746198584545,-0.10046641553587293
492,0x477028badabed2965966c7e5d47f174b912e8817,9,1243.6000234333278,0.3617387730183277
493,0x894d8502aa32714b2ec0ea6956f26fae3dd2a551,1,136.37026629491902,0.03966742672576938
494,0x4b5e88c6e4af8cd7ca6f8daaf9fa8d1e4f19f7aa,4,477.6848022177019,0.13894910822426346
495,0xe22c86d319875a65c659a65667988441dec87faa,3,353.4112979293542,0.1028003915043615
496,0x51c3016d6699480ec6becdf2155079c27ebae040,1,133.26880011541513,0.038765271250382545
497,0x4ba42b8811d5d50930a8be400dcbf6db3264799b,4,4119.016018570069,1.1981406983949423
498,0x067bfd6cfd504e81d0406270493095f3dbb710ca,1,169.99441400754895,0.049448029578906795
499,0x2725828bee7c1f8264762d35024fe9b34d61ee93,7,1703.7767626687564,0.4955951302762072
500,0x1fba8c07503af9b72a0b45350d1391ad5aa4bb21,21,5964.113383302332,1.7348432106503886
501,0xbd445990886eaa00cb6569ee5e7166896e5ba4cc,1,752.1454561596637,0.21878431112549265
502,0xd12c7a14c5d4492f6e66112facf292f703c75366,3,1023.863242407401,0.2978216677935567
503,0xe14ca742a18727ea17ee88ad932592c11fa9ced2,1,209.90247293708944,0.06105649853893416
504,0x89f6c642e9b1e3674f985738e9708127b884399c,1,25.198305058765595,0.007329691044017637
505,0x5d7883a4f1ccb482c51a8b4fc3751ab9e14752d4,1,165.09583262411223,0.04802312865756179
506,0x49eec1763d821e3d6f90948a9f43056266ecf999,1,162.37826104913776,0.04723264056766393
507,0x7adbdac7eeb7dc6d49ad4c7823db96c9b1c0c7ff,2,848.3412990550518,0.24676578870891366
508,0x1b9d39da4aab19dccfbc17a16f876effcc73eafd,3,392.67227699338287,0.11422063766591314
509,0xde8443ee81f036602a030a28b10bb349a703dc43,4,234.02908543263695,0.06807445530700583
510,0xa15a701ddfc001cac138c873145332d8bcebd72c,2,229.98047381207135,0.066896793862446
511,0x394156eda9aee28deac19effcb6663b2bf5c41af,11,5198.048816156176,1.5120101040642309
512,0xc66f9021cfb30fbc0facf3f1c26023e9e431678b,4,295.46345279417864,0.08594450375648041
513,0x45942d8a9623c622f17eb3656875410fa9cea099,1,9.169400445462408,0.002667198137627815
514,0x6501db1eb7b3c0ba8b8f6f07b58e61a5bfb41557,1,700.543393662468,0.20377428666327344
515,0xf4c03af8aa05a925560697dc6162af6bd0a1fa16,8,1649.1853148775476,0.47971555246246117
516,0xd1aadde532c93d39bd96629cb268bc159b1b8b80,3,237.862751008501,0.06918959317725694
517,0x95f580b1a360d3ffca00261355a7b305a6b4b4a7,27,3957.988072306845,1.1513008378245773
518,0xb5cb4b95676b1c0259b3f3686bb9290ed9c8171c,4,583.4403389757509,0.16971131261947936
519,0x73ef2cec628f674332ec1393011906ba6f6880ea,1,83.623768,0.024324508412258857
520,0x113b03564946a193d8ab3944138ba7287c854774,2,1130.1729258357875,0.3287450625496787
521,0x63e8d12d21bad8e8fb94b220b8b55113e29ddb9a,48,27387.227220103738,7.966405423202865
522,0x32287c972018e52ebd9b0c66d7c6b9f9e7e92efc,2,131.2462307276414,0.03817694561923807
523,0xbbfd9b37ec6ea1ca612ab4adef6d8c6ece1a4134,6,426.4793332860783,0.12405444502538754
524,0x9937cc8a3442cb893c5a0eaf8224a740abfe7dc9,6,3127.592327711722,0.9097550577431532
525,0x94161b6309d3ec19a32f56772c04a8cf89ccaa7a,2,1284.6060846854737,0.373666629245536
526,0x037894e66d4c55b2af2f7c7be09ffca1fd808b40,8,2247.89540915193,0.6538685363925982
527,0x01ef81ce75a6e9dece13cb491991741d13ae1b27,1,87.79074984944077,0.02553660142689618
528,0xd2d2a10b8a36e2b3236b6222d42269b225241316,2,61.56219555302255,0.017907231154743252
529,0x16444a963a24f699dc604ab8604e06556d759241,2,87.095838116951,0.025334465279638084
530,0xa7df468d24c49f50f7863274ecc1c666364fc9b8,2,149.87953130580604,0.04359700605781713
531,0xb6cc73fdc374c4fc7734433f46147ea8117178b3,1,434.84655081862786,0.12648830394044744
532,0x55fae2e945cab5eb19bd1127580495a32e240c26,1,953.7111516421336,0.2774158051689821
533,0xf3529114ffed713c01bccbdef4672f5718ef2803,10,6981.801029284667,2.0308685189783895
534,0x9649137f9de4fdd54d0aa0ab4c41c50fa7bd48f2,7,-221.73713451025517,-0.06449896868680775
535,0xa1c85d1b62d8886c40f2d82ffcbcb322d1760320,2,1309.1008711394456,0.3807916805725239
536,0x0c3f5c91d0931d12bf6964ccd761d1845853cf7b,3,193.98227080794834,0.05642562504594406
537,0x95d4d4b952ba0770a055ed4794431b127cc8c942,56,8779.525087468388,2.553791068656013
538,0x0535c05da8f65878c0fa1f0beee8d4ba94a19db2,1,18.070063289902215,0.005256225795820112
539,0x8f1af78d004b412e0cbf091753b976455ab2c02f,33,8211.141182572199,2.3884593764026825
540,0xc6981fbf01beb22451d039b0f5961f7aa0400d2e,8,491.1397973897423,0.14286290152821024
541,0x0be0f09adc19334286027ed281b612a49893cd9a,138,116332.23460835514,33.838757652582764
542,0x0594e8cf990ed3b0c00c98ac5934cb5df67c9c6d,1,57.99304164212157,0.016869034522293522
543,0x7223a92d6b58bcb91613f5ef8fa4128409433352,1,79.060083,0.0229970222581621
544,0x177f861e5ae638939037b848a67c6dc56f0d87e0,6,3019.1264374687694,0.8782044648583905
545,0x90be4e1da4bb2f464576749abac99774148bc9a2,3,7841.1478367672225,2.2808355935026707
546,0xa9b95d7b0dc294078d8c61507460342045e6d5c4,41,10740.805747990451,3.12428901519281
547,0x389b8bd4fac72ff9aa5fd888a4b3283ac4c14b28,7,2002.9513082813867,0.5826191179000147
548,0x3e40d5fd3b405b709783ffe59a3dd4d377c03218,5,684.2007117960927,0.1990205221290382
549,0xa698cade532bf7491f0f887284f8e10e2de97198,1,192.02031244982152,0.05585492997051099
550,0xd2a71a9f71cf6e3b9d276bb5621c367dee2440a1,1,142.1090767107533,0.041336733737100416
551,0x5d503e091880fe1ee66bd6e3eaa70588da9a2601,4,257.1176173263668,0.07479045485722628
552,0x407e42826042c543590bc4bcf9cf4a3c045d3deb,2,455.4616228100547,0.1324848226822815
553,0x078a64e810e297abe01b0216c25db6b7d4ec91d1,1,71.66661850398997,0.020846408938167558
554,0xef1492607e35081f56cdfeaf700c15eee630f83e,3,147.06185981936596,0.04277740087362005
555,0x1a6edec85f82c906619a6b3034d12c8d3417e50a,1,66.68920961450412,0.01939857864662233
556,0x3868cf8b9bbb5ea577226a05bd3e97ed94f6d4b4,2,167.60258074452824,0.048752292353491794
557,0x79764955804043f6272df5ae636764f617cde60b,1,8234.191639304745,2.395164300637826
558,0xf7ae0ecbee60a33eef262af112c24b1f176d8b14,5,1622.211638267547,0.4718694407731444
559,0x29b44a48d94f44655ca5da5b575c0e85315422ed,8,1900.8180164978166,0.5529105532828219
560,0x53afeb120edce5d778cab7de76d34f5fcd92c7d0,76,75893.45222098118,22.075911683202587
561,0xde2594f3f6490e6ca0c5a6062e4a365fc7afa3eb,1,491.0037445631192,0.14282332643843784
562,0x1d909365f75a5bac3044f729ec9296f329d4241b,1,57.87188460637743,0.016833792324941657
563,0x6cdd2b7297b60cb5297872678304c88439c4c590,1,103.945535,0.030235710504270125
564,0xf0c8e108ff53d5a53005eb0df0bd29e80239af57,5,-1483.6075007043844,-0.43155222485758044
565,0x9a828eb53773e1db180a006968a6a7c762f89dda,17,-470.7021781957986,-0.13691800031292864
566,0x60e15c7179f843fe90e0ce9bd32c64f2d6e534b0,2,110.02699248538423,0.0320046868049078
567,0xea7baf3e7ba94184ef2aaee7a997cbb2436907b9,6,3167.2548479989027,0.9212921043442692
568,0x1cdc7074f6e44d304ba32e62c61fa5213b0ebe00,1,50.63796408158639,0.014729587206381446
569,0x1da14e9cdae510ae75972f5221200fa781fdb4c8,1,542.3697552504213,0.1577646880746112
570,0xc6e5c46a3a56ba88af211cf84ee2c0076e2f749d,1,42.9415377330953,0.01249084824572851
571,0x94518da64ccc83cef38aa8eeb0c0e28dc181989d,2,880.7474842058891,0.25619211022208394
572,0x45f3116c0a06633c424db78277e8d50b56d5d3a5,12,3230.1540384072473,0.9395882409906358
573,0xa508ae8283b1f1b5e6ef75bde29963d724042255,1,45.86162203580435,0.013340243302714596
574,0xc91c3a6db3d559ac6dc1710689b7e8dc56f159c0,2,639.3984225302597,0.18598841788165235
575,0x09586e63b1205a91956dc2360063b9342e9f01bb,12,2150.0557960787437,0.6254089184135223
576,0xf7ed6ee3d07e93e61c3d02ff75cb42fb1af1bc47,1,50.621252883989655,0.014724726247873564
577,0x56e96d10cdcfaf34316eeef5bdc8a582fb556d43,5,152.56212345340708,0.044377319320680154
578,0x1d39f439028bea81670c417eedadb56608a1c5bb,26,28901.096154001232,8.4067601034374
579,0x053b366216a9fc4c6219b11325f50708267501b2,6,1794.0046913673548,0.5218406590671336
580,0xe3b83b5d42acfbaf04f2110afbb9f63216b343c8,8,8620.508747227606,2.507536344689574
581,0x1fb23fbfd79c9c1e6bd9b008490245a2576478ec,1,326.32465378251646,0.09492141978175728
582,0xac55e20f75dbca792e7a00af5bcf112f01c868c1,8,1681.5597724805443,0.4891326450563564
583,0xfffaf91402f28f78d0403138625a6ae65f5a192c,1,285.2325915720295,0.08296854756824909
584,0x1f0665280f5121d4cbca793e02db54c7678d99ec,3,174.1086046320009,0.05064476666511556
585,0x7bffd3b498d8aee602bb3d91cd5a54c11ee83e53,5,1208.5313926598483,0.35153799846992534
586,0x88bec8ee55feb580e3682a2f0cc860dffdcef841,1,155.67647505551363,0.045283222911919586
587,0x39670f6e3dd32c2d9286b17b6b922d33948d71fd,3,727.1002508625104,0.21149915378915551
588,0x6262201f1393c2863b372dd68f6256790184ce42,2,501.880091,0.14598704157261536
589,0x0606c229f0918c2edea92a894e9d09728697f5f1,3,696.7418314939084,0.2026684870424186
590,0xd4b65db36026ddf08859b8175c02c611fde0a020,4,1086.2241092889633,0.315961216720081
591,0x9873b4bdefc0843a79f804de15640861d7886740,2,633.6499184353167,0.18431629116983825
592,0xf21f7adb8c3771888e5ccec9658b231f042169d7,1,567.6179511695127,0.16510889138805548
593,0x756d59eb939cb76f1c64fe15d014ecb81b45f981,1,132.76277427560322,0.038618078292068043
594,0xe020386c6954d328b1202336817b0383215d2b62,4,483.1873335652522,0.14054968630455522
595,0xc0c16e7240f6fed4abedfedc66014031521807e7,21,8908.276642659192,2.5912423622562977
596,0xd00ff0705dad1aaa1cbdefa1f6d6ae737243da3d,1,127.9999896053692,0.03723267796214169
597,0x840d4e6a14502983719688fe1dd9bf1cdc227967,1,322.91714395473974,0.09393024223196533
598,0xec1b365557f058cb82d63063031d2fbe681e5417,1,153.7549586214049,0.044724291596294444
599,0xe32bbbc9752d6629a7a5cf8a47fd1f877b01f4b3,20,3394.457082567008,0.9873807630858352
600,0xa9b3e4e7667d96cc5bc44bbf17e80fa39f1e5006,14,1002.4977109383091,0.2916068551585615
601,0x8f625cd431686827bad5c613e0ffc345da11b512,8,37347.29072887682,10.863591885857636
602,0x4a95a1bd27bd98b4880a4ab38046bba479298065,12,3391.603299694453,0.9865506538100822
603,0x6612bddd5a81c080d57ee494ccd69b4dcc45a292,2,147.67505055889706,0.042955765992279175
604,0xa6cc17de86388dc072fb38d2ffb78c23df6123ac,1,129.6871822861096,0.037723449109356336
605,0x3dea41a1c75310ff993c50cf0db33f566239adac,2,1745.9173613711012,0.5078530011202095
606,0xc8ab35d63a0a28f5ec26925565e01f2d796f54ef,7,547.9313330262153,0.1593824415988572
607,0x7d99f5a440372d41b59041794f31cf1c1eab259d,2,310.860665,0.09042324977311333
608,0xe5982e5e1fc05696686e30f5e6e665955619b6a0,16,967.536755443826,0.2814374012297914
609,0xfdee419c731b5fc9c927cc4a8025538061c6133a,5,777.7993778164434,0.22624653207142956
610,0x7b9997220d33d143bdc131acad832c7ee00b0feb,4,1126.5693079570426,0.3276968410272271
611,0xda89c70f2c946abdf2e195266a3a8579c694c421,3,3052.452842260722,0.8878984601554236
612,0x30cd873d89e8d77cfe0d8693ee273bcb3f55ce4c,1,578.281079806387,0.16821058566029454
613,0x359ea76160de7878c3757e78fbc04e0ccd3932f0,1,99.67125396875765,0.028992406269273047
614,0xc1ebaa64e6fa7d9cb2552964ed61a676fc7e11d7,12,1146.190424571675,0.3334042377107937
615,0x1a520e3c3ffdc3c59958f7a11c5e18921808b02f,2,230.110813713438,0.0669347071746905
616,0x1a2e1a8f3cc2d939ad4848ad0b14050333c0a156,1,417.59734872062114,0.12147085051096651
617,0xab36aee64a84ab3de38e9d89a5747f59d2260d95,8,836.407549656431,0.24329449586264368
618,0x44035642d1612a01ced6ba381a6be90c343409b6,1,10.55320538315732,0.003069719761000314
619,0xc9a6b65321255c93e18fbca4a69149891eb71aa3,17,29936.870953234575,8.708046608694579
620,0x7a996cc26a0ff3bd9e3a3eeba8308cabe9092526,1,293.63498303894886,0.08541263788860122
621,0x4f00120ca37d594c8f20755975871671bf7123fe,89,22327.145795157336,6.494527318071037
622,0x70299f32683e4dee59f96e37c95bbff2f39cfbf2,8,1091.4771034831244,0.3174892093532929
623,0x577630c4bd5a92b64a0f9d49809fea2875edc234,4,336.82966631882556,0.09797712119203499
624,0xccd58db1433857e9d03981dd5c00a1f58255e20d,4,1201.3646985840976,0.349453348202388
625,0x51ae447c0525ead8b126a767174e0dbedd78b349,1,1397.8182232848073,0.4065978123719566
626,0xe76f811f25066a6e42466d8e47f7ec1a1306c565,121,27747.013154573797,8.071060071025352
627,0x3fb7845f1fea97f81a15fcf157bb2db646c9fd57,3,441.18776477107156,0.12833283828539768
628,0xf3881e1a018ccc24f1c78aed70a4b84db04c05e4,65,22069.09800979088,6.419466295636469
629,0x3284c24b832846d960bccd71a0424b3812c93da8,3,703.3082590941099,0.20457853160534226
630,0x4e22d075361767efa9eacb1f7187af8fab12628f,6,10131.262780653955,2.946984961677668
631,0x644ff9f6abe8a2bfb4004cd719ab0d61614629ea,1,117.28561946453019,0.0341160785448218
632,0x39958d4feb1f24921bd9d52f7a9eca98bbb10c3d,3,327.8342561558972,0.09536053340350255
633,0x254040a62e478067de2c8d57a04577486cb5aed1,5,1079.4457295995555,0.31398951946558173
634,0xd7d64ac15e0ee8e8c3461e54fe7a2528524a86f8,2,93.48671350154372,0.027193445157873464
635,0x558999ab42efe9ca7fb20cd833aada03c1d3ed8c,4,440.2573356597576,0.12806219476757427
636,0xa47f5dfb53f617cbce164f29b26273e9332631c4,4,355.09665230686767,0.10329062792534488
637,0x42309ab9681352613bfffb6df39acd25e7444ef6,4,7406.675150681838,2.154456039455541
638,0xda68513952cdc25940bbc6cb747604f550ef3912,3,713.3464215895315,0.20749843552624073
639,0xef39e9960c9f5fb2b2b60f466d6bf88718e0ce09,3,610.7350151124888,0.1776507967539178
640,0x608b10b5cb5154132564e1d415b116def66a3960,6,2970.116316373061,0.8639483851409784
641,0xcd7989894bc033581532d2cd88da5db0a4b12859,13,2422.753226500945,0.7047312342927375
642,0xaa96abcf4da386d39fa429bf963bff90bec7d8a9,19,2396.964418472567,0.6972297775558394
643,0x5284583fff3b668d44d85bb5d4adc08c1c26d775,1,80.55254558925218,0.023431150254011872
644,0x3df03ae2b4e5a2b82192031e13bca98a7e3fcc18,30,8925.582518846375,2.5962763010629857
645,0x74206491eb9776372ac8c153379140e75269f32c,1,277.4867652945597,0.08071543914043693
646,0x5902385d185ab3a38f2a0ca9b244979124962793,15,5596.8368196100655,1.6280096862012383
647,0x6072d5be1cc972094175d3b8c1777c605b606b91,6,-839.3201024897365,-0.2441417001633981
648,0xe35a8b9a5d254693779af1752ac244cbca98d00b,8,2101.140235912926,0.6111803446096753
649,0x07432d559fa617b6e23a516f9a6187440fbfb086,53,2731.910133845202,0.7946588944934033
650,0x717e44ed0cbc292f8a8fe8e6559b5a497174ecf2,6,3519.96631492292,1.0238889287817117
651,0x666666a0200c2b78eddd1ef279488c6a714f010d,82,22733.844163052065,6.612827869549503
652,0x18bfb71acf1eb0672892a70882d680eed26655e6,6,281.561749,0.0819007717054895
653,0xfb62666783d6d3925a7c888a85ab90e91b59d115,2,264.2207803485235,0.07685662519155151
654,0xaee8f297c845744cf166006ee88364cac5873369,1,82.77665009859204,0.024078098485849266
655,0x26596420d51fdc5f31626dab3f62df9c4745dbd9,5,1015.3250504050322,0.29533807576996957
656,0xd990ef33d359edbb93154a0685972f62ba1f362a,9,3313.13398238149,0.9637254736641292
657,0x637e7b0fafac47a01e509ad4c52f18ab0da68a95,1,-8766.941101971319,-2.55013063492522
658,0x3777b152a71d08a4f8183d1cdd3eb94fc4532a44,3,539.7430534815353,0.15700063222300492
659,0xc150e2fa30e4a7d37ab9d3e98644236b413bcbeb,1,186.30483479440002,0.05419241
660,0xdc99b0fbd4af66b98982a1acfd8686e58f41679e,3,339.3745255019074,0.09871737064607643
661,0x2b37333f5b701214198afbb6dadc0b48c8ae9861,2,224.22737552088597,0.06522333078935784
662,0x9169cd09fc97f78f760a330c25eb223823331944,2,682.9365351344493,0.19865279801690866
663,0x3a2a0400edbb97d1ef43d9f21605526ee87a352c,1,90.65829100256268,0.02637071271570599
664,0x9e640c38e4c3530c298ca43e4da73eaa7123b2d1,3,347.5661533451025,0.10110015397607292
665,0xf832215aa2ef06caaef7ff64cf9cb26053b32300,1,116.03299305204001,0.03375171417286436
666,0x5f10b63496f6a92fcbfece470097c830471f75bc,6,1627.3479946897157,0.47336350577389164
667,0xc5241467781fc45cd848984e2acc01d182fb2a5e,7,2263.70586750141,0.6584674875798204
668,0xa2ad211b81b3e055788cae28dd0c2c490028c29a,1,29.07232592193889,0.008456567473163059
669,0xbdf921923edbc6ecbb02377227a3919bfc738d63,1,116.894877,0.03400241925162311
670,0xc80c7aceded9a7caee6c32a7e735863efd226dc4,2,332.6240879330957,0.09675380120456324
671,0xb1b3f9c0aa17d4a2bd41784e160290390ac3ae15,4,1078.0051863634756,0.3135704937878073
672,0x3f449dba172d5f5a62f38638ecf3b8ed79199519,1,454.4331386610815,0.13218565688370648
673,0xd0e986f506a037c25358fa63f49c6984a0c5370c,1,16.545541175206438,0.004812772314943812
674,0xbdb4b6e550a1297c6e61e0b8beebcffe247e37d3,18,1549.979291633291,0.4508584726552984
675,0x3ed42ef990c854e28d69cb399ad92456fde8b7a1,2,1063.1040273501483,0.3092360398826438
676,0x74beca6ed20d16a90379449bca7d46e358203718,3,137.29133070707002,0.03993534623690166
677,0xd0dae1222e5ba302313f30e48fa99b7a179542e2,1,848.4923563817407,0.24680972831246964
678,0x940e8588d3cf0501e28a7762c72d2abd3d223cd8,4,1664.1540388521476,0.48406965968519405
679,0x358a9b19154586a4475966ef33b088f68df6ea7e,4,2052.5560516709425,0.5970481615406599
680,0xbc0e77c141e7a7bbaad06a2a928264f2f9b603ee,16,15829.95967246356,4.604623738296011
681,0x95709c2637e89559e56e494b570f74e5f02b7dc3,3,259.03668429402506,0.07534867367126598
682,0x383d28bb242aedd1bc1f9be3c203823f2a5cdd53,1,11.51783493829829,0.0033503115148751216
683,0xea1505195ca32dc860c959190a8a1f116fe25e92,2,329.3379166131558,0.09579791863878359
684,0xef178586df4b8524ef9c57f3ee7f0e5cc9fbc87d,6,3304.0139511309885,0.9610726360537396
685,0x1c438d8dc804929e5380121af1d78ff6cdae4c2d,1,63.45947528861582,0.0184591124917436
686,0xf6b01c5af324146708550cb7ea5c08971ad7c935,20,5357.619887727362,1.558426188457683
687,0xcbfade7768fb0c562f33e958defb1810dbbfed99,3,-347.89060096421696,-0.1011945294034094
688,0x95a11d5cedd07d65d34ad84cf4d2714a1a0014e3,8,1334.9808813348352,0.38831966622496544
689,0x29022acb1c0e306b7a18fc3572b40244671ed9a6,7,807.4480281991108,0.23487074098826902
690,0xe885a696225f4099e3905c88241ae5fde0b2b408,7,3931.0665343353267,1.143469892239117
691,0xcef37c72299adf1d569ef4a0ff6aabb93eaca4e2,2,554.2012773602115,0.16120624501437283
692,0xf1c11ab22590ebee6d3d3bddc70dbb2a4cd1f49f,2,1067.4023228906854,0.310486329465794
693,0xf8fada293c998caae502697bf7247a91dc6f65ab,2,642.1254866535605,0.1867816671670469
694,0x7fc890987a78edc59d5af81b757ac1cc26f79997,1,15.541574877979727,0.004520738276935438
695,0x39e8ebd1c9faed722d742443ac77a3c25e124eaa,1,-182.28869350518917,-0.05302419353582167
696,0xb3e6404484ccb6ef21fbd204ad9bd855b53c66cd,7,5218.504514975202,1.5179602642866457
697,0x83f6835035f4fce271a30579a60c399851202acd,5,688.6126588957228,0.20030387071408873
698,0x901dbabf9489c447c9637a9a5ff878c8ecdfbe0f,1,145.85237792645026,0.04242558639333135
699,0xbb431c391ce885cfc03faa32c16774bc37abb050,3,5401.976563276954,1.571328672444603
700,0x088339555679fbf3c64ababf4d84ef3ae83e624b,12,6568.554453852938,1.9106632227948182
701,0x0b1937d53102e88044a7aea34ac85329bbbf18a0,2,765.7529522810719,0.2227424639544225
702,0xc84fb0fe7e366c1741cb3c4dbbf2084c76f13d1b,41,17354.779094618487,5.0481637000612265
703,0x8fded00a4bc13effe14b951d66da742dd0ed47e8,2,132.248063050974,0.03846835892623682
704,0x02346a1466fd9497c83bf5113b0541d24b2c3bbd,1,-1802.153089,-0.524210867579643
705,0x88a0f50de089f27e3e3c6c588b1c1e4c4dc7ff1e,1,53.84361289651068,0.01566204736011876
706,0x79c64c2801b278162e0f3db8aa6e8216a4c94fe7,1,336.782737201418,0.09796347043533672
707,0x2a28904cd41b2bb2744270f3e2b620f1a88a99e6,4,800.4982417893893,0.23284918489208029
708,0xa64432f4d3b1078f202a6a7f420508bfe38906fe,2,1516.3967292471607,0.4410899661552488
709,0x45de2a027995f5c8bf9118188ee95bef04a4237b,2,440.9764662251116,0.12827137569669084
710,0xbd00453ef759f1b5c59473942bc261552b4e7b31,4,2119.506760964019,0.6165228052975179
711,0xb261a9577063f57ebdc7663ee2c30bb9d0162deb,1,44.166809948134734,0.012847255819972637
712,0x6014ba1e29605cdd33d5d95c01b79275aa494be9,2,-3.6908055948504526,-0.0010735827132299504
713,0x8a53501ad6450330e6f5397af182bfefbc159799,34,22264.216655691456,6.476222469833226
714,0xc780b5b70352a835e8cee1b15a4ec75bbbfceb0f,1,126.93091444146728,0.036921705036146904
715,0x1c73bc26ef79a60d0f77416f31126cff1d4a75d0,2,143.54151497110666,0.04175340183694025
716,0x08bba49acda81fbdf2ea7f1903860ac83988c75e,1,244.85329835672505,0.071223005828289
717,0x4325e67dae83fa479a0345566c0e2983d7034f4c,2,420.02134622471647,0.12217594368112432
718,0xabe15c4d2da32124b2116438376c3ee6bdcf7245,3,5785.258044731576,1.6828177124972585
719,0x00c62fb0ed991c19edffedf58136f42d188c3cf2,2,-1525.5730659687517,-0.4437591819190979
720,0xc1204cde374ed565880cd66168a4362b9c7516c7,17,9105.576044089208,2.6486328753197377
721,0xb02f6c30bcf0d42e64712c28b007b85c199db43f,18,5926.815702321619,1.7239940492639618
722,0xdb4df8aee57332baaa950a4265ad6d5a0a3ff33a,1,83.070585,0.024163598364089076
723,0x65a7c3cb6d1c3cef361063c57936d9d4c9d7bcab,20,7313.551027710639,2.127368064747236
724,0x2acc65547170acb107f6beec338a26a5f92be762,12,5894.3529038159695,1.7145512600400161
725,0x05f45c18c03456fa589b01cfc5e0c731cf1029f1,46,6454.254962017764,1.8774157500109847
726,0xc608ddac440289b9123f797fd14eff12a994a89c,3,155.14652842816287,0.04512907186726632
727,0x5a4481b5d9356a48dc7cedaf667f0d2b9e275a09,3,251.3909150289859,0.073124669859268
728,0x4634f4fe6387ade7249cecbe8f71386681b60a14,6,577.6263857294147,0.16802014803755108
729,0x30a0707503df0bf7ad695d7d019d544f1af4521f,2,154.94856678449761,0.04507148872096945
730,0x2e8098078fc33e9b152650ae4c615c6a2b8acc70,9,2668.2114842005103,0.7761302108883805
731,0x10a2dfb788a57587e6dead219fb2829b8ead9d7b,1,173.95635416320002,0.05060048
732,0x0739451df30622e482ced29fc915ecefe2b967fe,5,1363.6386072601492,0.39665563471835485
733,0x55d96a6b4487eaa29bd4409680bd390f6e67649d,3,730.6827681244672,0.2125412375574393
734,0xab00df5b8a603766cfb0307078c6ac3871e8af83,2,104.85135202851713,0.030499194851568753
735,0x81a81043d92a08ba1c3e517666900981c699ba97,7,10172.752809002983,2.959053594408984
736,0x49830d776266a3863a8d18b080ceb1603a377d67,9,1141.0228630333577,0.3319010957558693
737,0x7911ca547f65a951ed1e5c74de04b8707080f0fd,1,481.4387791579715,0.14004106623867646
738,0xb2ae5e842547c4f50a8c0dfe0c727e132146db5b,4,2386.6807879999997,0.6942384718311496
739,0x447f63860c75931a2fcfc7a16ae1c2b9062df7ec,3,314.79249931438886,0.09156694299746028
740,0x0286d1ac3d202ffddf2b2fc8f2b244f1b572ab0a,9,13871.213877678465,4.03486313431645
741,0x8fc7216f8d60a7824e8148a85c05c0a482ddab28,2,160.4937039664,0.04668446
742,0x0ad9774b6a5247b2e24947b0383540246c9fdad9,1,428.136157729356,0.12453638264996508
743,0xa8d25c5a6f832a9423038c86529391aa7b7f91a0,37,21912.858228981862,6.374019218166599
744,0xc7d2fde79bdae639115607a5bddd1596058e9c29,7,1846.1557841573401,0.5370103856367195
745,0x74375faba79502580c2906144ac99117a4a3f3b5,4,1049.5761869635412,0.30530105733935875
746,0x46029e93f01f2b0002d8ae81bf61d7b3c1c45427,1,29.455873899650538,0.00856813403173229
747,0xc8f486b79d97f553c987bd67adcb6c8ba633fee0,19,3191.286113503641,0.9282823265491241
748,0xf9db539df03ed8e5d292363160308b041a9e2061,1,135.4920125664,0.03941196
749,0x95234cd9b9acc8a2287520cdfe8dd61106099e94,1,2067.507246218553,0.6013971697980572
750,0x59ba08a00f86817f6ff80b590e046826ae2e9bc7,124,91000.72664217112,26.470320504203546
751,0x340ec176cafa83b505f127b39f9bbe23508ea580,2,5127.094830648417,1.491370986040193
752,0xbc5d9c17ef08482acfbea98faaaf917dead24b95,4,2522.1072045129695,0.7336313512301239
753,0x9a39c7f638da3ae9c3e3e99199f1c5753259477a,3,301.999724700256,0.08784577662144137
754,0x7579ce1010a6ba4ad44c07bece89249023031043,3,12403.978712,3.6080732995136477
755,0xc6d947c08ba8a703c15dcc8692ddd105ca43ff27,1,13.720575880515069,0.003991045505467116
756,0x7b40cc2cb272cc5d246e53088485239639358e03,1,125.47410496856774,0.036497947830197955
757,0x4752d96a0564728c596ae067844c2d1edff37131,3,509.3102336790838,0.14814832385424678
758,0xf3735bb4fc7d3b251fe64aab59d2c0ae2d608152,1,358.91379409680354,0.10440095935145426
759,0xf7d27a880ca908f11b60149bd0ba993c94f41a9a,9,3837.8041434735565,1.1163416981225294
760,0xc707b04706beeacd4f9f498ad823a2ca5f8d3529,14,1769.620831984641,0.5147478742421523
761,0xe3d294a9c6932e465f25c764bbdc2fdd3245209c,1,6.030473091735214,0.001754145943887794
762,0x01fb51f8a664f0f2b7cf8f6eee89f7c1b7e05ba1,3,1202.9187927684548,0.3499054036163564
763,0xc2ea7561062cf5ecb1db4c0d58ea77d20bfa5197,3,370.3810239093388,0.10773655083114363
764,0x825b3edf71996ccc3619f9455888a828e352217a,1,224.12951861060222,0.06519486613996062
765,0x841f00e4460d35f6285dc10d96b6e4ae4e58b138,1,263.0765024612903,0.07652377727331415
766,0x6cadeab2f5492959f6152295c0f9d47376acddd0,2,-675.9814119407528,-0.19662968955528842
767,0xe817906256cd7f14cf21124c4ca4f82cc6102189,1,458.2960922651308,0.13330931406497418
768,0x20fc2cade0afc2a76c0545785a69e570d220515b,1,745.8541217502916,0.21695428575800257
769,0x3af7a58d54cf014675af2b7ebc222c3166bf5692,8,211.50358469184948,0.061522230438836444
770,0xc54de55994695837d103c557a3af27de7a03427b,67,23650.01467217978,6.8793238406033375
771,0x6dc307694b01c343e93836b8783df6d8c5b29125,5,904.4132200983926,0.263076007056289
772,0x061875a63492459b16d0b3891d13930b048fea89,2,227.92908896645133,0.06630008638169645
773,0x7ac61a21d32afc1529619c08c5cb3e149a7fffd7,6,1110.8137736284225,0.3231138661567794
774,0x13b765fb47cd6cda8350e3ccb1544c54558e6928,5,460.62332603535015,0.13398626056923826
775,0x6da3a9bd3cfe78accd8b2e1b2858e57b06fcab5d,17,4087.9594833091414,1.1891069634739084
776,0xeb7aebe858c64450e3144512189a0ffebb838d59,1,110.40312241238362,0.032114095598510584
777,0x6ced1d2ae6618d0d5082f9b256ec77ab82ffe47d,13,3405.5216086155915,0.9905992159657201
778,0x50a08361cc05651d3a2ab2f8a166fa45cda44411,1,909.8586867083172,0.264659986127428
779,0xdc2655e8e08e5d7f2cb89d723616cd73d3171d7c,3,477.96404675502197,0.1390303349646935
780,0xbef2008f7cc7cb0306e1038411d53566978e3968,4,522.3138700685884,0.15193082577100397
781,0x45dedf1cd808a516883bdae2e7b697e75572916b,263,38622.76333554663,11.234601766093428
782,0x2a5ce4ff73683b7147c0d66d27b742444126a601,28,2760.479086335143,0.8029690405414862
783,0xc825a97b241dadacbb0e8a5471ce63013752faab,2,393.6793576246908,0.11451357760241627
784,0x7b37bca471f0360ff1e4aaeae21aeab89929f136,5,1109.2145278606413,0.322648677035767
785,0x07c5f956f5aab7e7fcfcc178541a476ec0f1ab44,5,172.15443725400516,0.0500763378324777
786,0xf1c56256afea8f46cd74d49265ef01db4ef2b34a,2,100.44021174690585,0.029216080954001883
787,0x9cd8c2a7b6ab2174848d4fc2f1d886c62f21351f,1,243.21052531060343,0.07074515547861547
788,0x493cca327081ae4ed6e5d4822ae23694fc273e75,1,199.03950614147033,0.05789667527909103
789,0x9d1b972e7cee2317e24719de943b2da0b9435454,140,32511.844252026793,9.45705566635643
790,0x8262938c388438d4086e0f7e17d8b367a086092f,43,12728.255112274914,3.7023989226592606
791,0x8c6af0a77b37de0b56fe211156823f896330f789,1,488.1095915658139,0.14198147428787083
792,0xb4943a43c3bf19bc733e36f5e52477ea47b381fc,5,644.5271083419923,0.18748025165277973
793,0xbfbc0946dbfbcfee9e0f78eca9d2d005a3a8da80,13,6704.190019328945,1.9501169395111304
794,0x7a84039a71b5c3ec2c27121ebae5e07510c18f3b,7,6599.801622640762,1.9197524092571967
795,0x50008347034a1e4d1b4ebac6b56a8af31b47b761,4,638.7014590518784,0.18578568492189232
796,0x2b473732fdd9e90d2bab7433da2ee55cdf6b0248,22,3336.6832536369484,0.9705754932274184
797,0x5ef121ab4b27a8c29c0a79a7588b1e0b0289296e,1,-11826.732469865696,-3.4401637277667647
798,0xf82fe7a94704598559828bfaa76393d47a81bf73,7,547.9230878554262,0.15938004324093796
799,0x0f12d54092115f1793e201097fac47ced627d4f2,1,159.0950491923607,0.04627761885147671
800,0xe6c624f1888ad52191bf2897f025ea35255cfd41,1,41.095050286803804,0.011953741386104009
801,0xaca3365a1a6dba0839b3b56219cf250ebb9f32f1,39,17546.78795073836,5.104015297610813
802,0x1c0f59f59ecaea07b9b7e62dad1e75ac00a1b48a,2,-30.99569572331336,-0.009016037896851906
803,0x8d9759c4428c312c2654e5fbf4ab59c39fbf18ae,2,208.36808632114852,0.06061017566877706
804,0x2421bf3721fea876ca0f76b685e0eeee5eec2631,5,1327.513145511055,0.38614744883736735
805,0xbc4d53af44d143303713461b5ba9ba0bf6cb1cc3,3,-1695.5187118144538,-0.4931930257994711
806,0x9079792373ed2f6152247bbe2485ff8ecfa0059f,5,967.813511817878,0.2815179042124933
807,0xbf2ad8a41e083d7fa7894d199c93734b5c55790f,27,4982.13030830649,1.44920365936358
808,0xcf6f8d96ef100a8d8ddbd6660888113dcd958e2d,4,285.88818728443835,0.08315924745899703
809,0xfcca36d5ff4152ea54d2ca5382202782ac9f0cbe,1,52.43319102748853,0.015251783395239025
810,0x10ff96098f0093ecc17f810879169165fce269e2,5,765.5949601112634,0.22269650714147934
811,0x4a2f6ae122e1a05ed7ee6368bbf83f6eada23b10,4,219.22914306910744,0.0637694433333452
812,0x63d417a577b50c96f4f09148d4e4d70950db0522,62,70991.0375707607,20.649895739988104
813,0xdd22a4d1b63af1b7bbde6c034f6f486d53a23875,1,80.29009485191521,0.02335480849949829
814,0xcbc0fa90edef3cd683d0f109e794b00f3ee09a25,1,211.88727986376685,0.061633839813303365
815,0xcde9583050e7128b890ca5ef9bf8be805b57f1fe,1,1961.6242527861866,0.5705978907646041
816,0x907ee8e440f3d1edd6540490f11af8725549c008,14,9980.04507452391,2.9029987068984915
817,0xe0bf779fadc1eec4e50fd35a705b9ca24d4e86eb,22,7182.555579809416,2.0892640669168476
818,0xc8cd043b79509cc3fea214e4946cfb74a9825b45,28,7286.507895571541,2.1195017498113757
819,0xed9a563e3faddecb12c4bf83ee4117ec557138e9,4,2955.601953019804,0.8597264424812684
820,0xfe4d44596c6c4cc3be053cb25b460bbc7fa268de,44,5567.714842613101,1.6195386762074735
821,0xee11f797261af85e324143492691eb157b8597fd,5,525.6632516347606,0.15290509495344767
822,0x7dfd5fec79cc6877ae6a62f97f57980fc99dab3e,5,1045.9453194610946,0.3042449094376395
823,0xf8e9917550db2116ee110cb120e06d3d4355e59a,1,139.6389359868194,0.040618218412380856
824,0xfd5333e00e966786e3771f05041587e8808d9ba1,1,33.1124106684549,0.00963174861786904
825,0xc2883e57b3966bd39815f01b60a8dc1b514f5171,1,1164.967909554647,0.3388662385552111
826,0x5cfa7f0f93284d6f339266102f627534f7805cad,1,8.795460545432283,0.002558426379771101
827,0x5d6f47cdffeb6a64bb904009b4f6ee7e09eadb19,4,832.8231713223162,0.24225187074509463
828,0x5eba1efa816acbaabf5f78c8429a7d186910363d,42,3307.009793999378,0.9619440677865688
829,0xd9440bfcc03e4f04f67639981f97a3e8b244f5a2,5,569.1146067573726,0.16554423904468288
830,0x4ad5c87ec83f71603bde4e71686c7ce4e354b83c,1,63.75386501519401,0.018544744669674564
831,0x0a269666362819ccc2801640acdaa696b16d0d5c,18,2564.28975473444,0.7459014249454424
832,0xb10bd34199663ebfbf20d740959d773e34030b59,5,2253.379914405427,0.6554638710368798
833,0x2369d675aed43093e5a49353dc438673c31ace9f,24,4850.891221400829,1.411028791741567
834,0xa3402df634c127dfd6eadfe595342c4dc271c034,1,38.924273313786195,0.011322305085107565
835,0xd7330339a1b395ae5d24ab376cc610085034458c,8,-837.7674748813197,-0.2436900713475088
836,0x6591eec0c0e6f59a065503c89dc74844efc5d799,5,1115.9730514587425,0.32461459854406904
837,0x3a02959ef3bb73be4ec92a92e1825714d2a8c60e,1,259.64418952965497,0.07552538498872982
838,0xa864e632cfa179ba806b3f236b8962232189b26c,8,1983.602917676209,0.5769910518454056
839,0x164bbbdb5996709fb4655db794339a511b6faac6,1,500.0739588490706,0.1454616732742276
840,0x48f7cb174a2333de834452ad240ce8d3d827dc55,4,679.8086569141168,0.19774295979862844
841,0x35ed54562ddaddd7dd699cdf92128c1d9c1a1529,2,580.4801466293356,0.16885025092189737
842,0x54118013b3a4ee621dc4a79716c3429d2f8fd25a,1,3135.7457882175013,0.912126738945821
843,0xfda276dd36f4db76b7ba7a533b65d477e798f2bd,37,6762.840983725581,1.9671773508149248
844,0x19408376d2b752585d4aa9b0aab13827f2a4bf33,4,1182.3707858354271,0.3439283927801838
845,0xe5750055a549b9d7cc924710a9b6233e9550f814,1,480.94124182532994,0.1398963424200457
846,0x35280e2f3750e3b85133a27e42a25e4ecfe8c8b6,51,4114.497357040936,1.196826308682468
847,0xa2e679537610ec3eaba43660519a88544f539911,2,308.47487332474276,0.08972926992668151
848,0xb1fcfef0a1544035323f4aac7d333edcb114b119,9,2910.85404980161,0.8467101580648343
849,0xb56468f99a38897b35d9623f7ff14473adb5680c,6,2333.089126438394,0.6786497121560031
850,0xc2581315651a2fd6c5b47bc0c94202dd66b070df,1,18.656892279007835,0.005426922800074417
851,0x01eb6473764bc4bd80b8b4b9ab8c26e8b892f6c9,2,146.25882410409878,0.04254381358763025
852,0xb17622020fa1849874bd8564115213dabaa9f50b,4,2033.6039401929734,0.5915353652854621
853,0x242301fa62f0de9e3842a5fb4c0cdca67e3a2fab,1,127.92555500712406,0.03721102640237011
854,0xafefc6ae5ee2e116d60038f1e4f8c852a5ba7717,16,3186.4537313775536,0.926876681688954
855,0xe56a917074521e0b0749b0b5b57cb06c60181db2,1,31.88103349880603,0.009273565232473305
856,0xfa9e180e0bd02baa8066df0a37d984a93c1c055a,4,3395.3361157964114,0.9876364565530714
857,0x17ec047622c000df03599026a3b39871ec9384db,26,4536.071112473834,1.3194538176511512
858,0x64a77ffb6e739a01c6eef98c2501ad5c36b3ca9b,18,48833.9800626712,14.204843757321806
859,0xbe1772980798d49ba387454b3ae56cc73282bc73,4,315.18557747822393,0.09168128169962067
860,0xe7620ddfe7aa55d250744623423fedb7f184a521,16,2661.018207619305,0.7740378282931448
861,0xbab4e2986916ff6c979fa8dcd63c2452a846090c,1,230.06940300508992,0.06692266161458646
862,0xe168e767ad0e50b88c10bb19b12bc80f1b92ccd5,34,17592.366806054215,5.117273289639487
863,0x11cd670908cb30949863f37fa6227eaed7e05f8d,1,21.01120574637704,0.006111746255316431
864,0xa214a8c93acf49ebd5673355fe20f8217722d5e4,10,5315.627212644379,1.5462113456834463
865,0xf5c2fdde417e51c63a0ec0875f9bce27b439d8dc,5,259.85651086553014,0.07558714508689471
866,0x751e6256485eb5ecec56042924aa34f01a289373,11,917.7226736449742,0.26694746516561974
867,0x512fce9b07ce64590849115ee6b32fd40ec0f5f3,5,1137.8797070995072,0.330986813551389
868,0x732bf2ea0b6cb342f542a13fd2d59cc38a925959,3,747.9198295345633,0.21755515949973334
869,0x6e73ed4a4927eaf6a6147813c15fed02d6009993,24,7269.418769460522,2.1145308593362464
870,0x77a9a02baf883ffa3b38090e1bcf5597bad6dbc9,3,420.4157022094909,0.12229065407624871
871,0xde72c68b645018d928b88c45fc39a995b07153a0,2,357.54272119872013,0.10400214122784077
872,0x4096ae6c469b6f6960a26be5f3a44c3b41e76794,20,5042.308544519912,1.466708323982475
873,0x2bdfed98443908cb9c261f11819681f3cb65c45a,5,942.4076979592168,0.27412785294231745
874,0x742dc6a4cfde695a9a9c5bf1ce6fa1605a5218d8,2,872.4867244525399,0.2537892177799257
875,0x3a83cda9dcb53bc4a06b0a5f6b47d6c8736b416f,1,53.04753528558339,0.015430484049747338
876,0xeb4664d8229dde455dca168a404ed6c03d4bb701,29,12720.970228432941,3.7002798933146805
877,0x8e90b3c3346230268c0d82612c3624093a8ab423,9,1095.6705160673419,0.3187089905485252
878,0x71e95be5ec56b6018556d84ca19d69940ee297fb,2,509.2771292047547,0.14813869441415387
879,0xb74d5f0a81ce99ac1857133e489bc2b4954935ff,47,26541.778977733476,7.720481167748782
880,0xc741787162648bfe2cab2130ad7f36c4a4ea5bf1,1,59.344076612627845,0.017262024007117214
881,0x877b3a0ea663564c67b2a9625b6d303923da6f30,6,3507.607705452906,1.0202940525018342
882,0x2fe50c88f228dacfc24100de0c5167aa7a539dc6,2,-1248.9170599814406,-0.3632853943119635
